Year,Key,Squad,MP,Weighted Poss,Weighted Gls,Weighted Sh,Weighted SoT,Weighted SoT%,Weighted PKatt,Weighted CrdY,Weighted CrdR,Weighted Fld,Weighted Int,Weighted O. CrdY,Poss,Gls,Sh,SoT,SoT%,PKatt,CrdY,CrdR,Fld,Int,O. CrdY,Confederation_AFC,Confederation_CAF,Confederation_CONCACAF,Confederation_CONMEBOL,Confederation_UEFA,World_Cup?
2019,2019-AFC Asian Cup-Australia,Australia,5,330,5.65,84,29.25,174,0,3.75,0,51,49.05,6.6,66,1.13,16.8,5.85,34.8,0,0.75,0,10.2,9.81,1.32,1,0,0,0,0,WC Team
2018,2018-World Cup-Australia,Australia,3,155.1,2.01,32.1,6.99,65.7,2.01,6.99,0,33,24,5.01,51.7,0.67,10.7,2.33,21.9,0.67,2.33,0,11,8,1.67,1,0,0,0,0,WC Team
2019,2019-AFC Asian Cup-Bahrain,Bahrain,4,185.2,2.8,62.4,16.76,107.6,0.92,1.88,0,50.4,40,5.6,46.3,0.7,15.6,4.19,26.9,0.23,0.47,0,12.6,10,1.4,1,0,0,0,0,#N/A
2019,2019-AFC Asian Cup-China PR,China PR,5,253,6,48,16,166.5,1,5,0,59,52,7,50.6,1.2,9.6,3.2,33.3,0.2,1,0,11.8,10.4,1.4,1,0,0,0,0,#N/A
2019,2019-AFC Asian Cup-India,India,3,110.1,3.99,27,9,99.9,0.99,2.01,0,33,39,3.99,36.7,1.33,9,3,33.3,0.33,0.67,0,11,13,1.33,1,0,0,0,0,#N/A
2019,2019-AFC Asian Cup-Iran,Iran,6,342,12,91.2,30,198,1.02,4.98,0,76.8,60,13.02,57,2,15.2,5,33,0.17,0.83,0,12.8,10,2.17,1,0,0,0,0,WC Team
2018,2018-World Cup-Iran,Iran,3,87,0.99,21.99,3,40.8,0.99,6.99,0,44.1,39,5.01,29,0.33,7.33,1,13.6,0.33,2.33,0,14.7,13,1.67,1,0,0,0,0,WC Team
2019,2019-AFC Asian Cup-Iraq,Iraq,4,220,6,49.2,17,138.8,0,4,0,52,54,8,55,1.5,12.3,4.25,34.7,0,1,0,13,13.5,2,1,0,0,0,0,#N/A
2019,2019-AFC Asian Cup-Japan,Japan,7,382.9,11.97,81.9,32.97,281.4,3.01,2.03,0,77.7,55.02,14.98,54.7,1.71,11.7,4.71,40.2,0.43,0.29,0,11.1,7.86,2.14,1,0,0,0,0,WC Team
2018,2018-World Cup-Japan,Japan,4,212,6,43.2,15,139.6,1,4,0,50,42,5,53,1.5,10.8,3.75,34.9,0.25,1,0,12.5,10.5,1.25,1,0,0,0,0,WC Team
2019,2019-Copa America-Japan,Japan,3,138,3,41.1,12.99,95.1,0,5.01,0,39,30,3.99,46,1,13.7,4.33,31.7,0,1.67,0,13,10,1.33,1,0,0,0,0,WC Team
2019,2019-AFC Asian Cup-Jordan,Jordan,4,165.2,3.72,46.4,15.8,136,0,3.72,0,53.2,50.4,5.6,41.3,0.93,11.6,3.95,34,0,0.93,0,13.3,12.6,1.4,1,0,0,0,0,#N/A
2019,2019-AFC Asian Cup-Korea DPR,Korea DPR,3,98.1,0.99,23.01,5.01,65.1,0,12.99,2.01,33,39,3.99,32.7,0.33,7.67,1.67,21.7,0,4.33,0.67,11,13,1.33,1,0,0,0,0,#N/A
2019,2019-AFC Asian Cup-South Korea,South Korea,5,345,5.65,73.5,22.65,154,0.95,3.75,0,63,46.25,10.4,69,1.13,14.7,4.53,30.8,0.19,0.75,0,12.6,9.25,2.08,1,0,0,0,0,WC Team
2018,2018-World Cup-South Korea,South Korea,3,111.9,3,33.9,11.01,97.2,0,9.99,0,33,18.99,0.99,37.3,1,11.3,3.67,32.4,0,3.33,0,11,6.33,0.33,1,0,0,0,0,WC Team
2019,2019-AFC Asian Cup-Kyrgyz Republic,Kyrgyz Republic,4,165.2,5.6,53.2,13.96,105.2,0,2.8,0,40.8,52,6.52,41.3,1.4,13.3,3.49,26.3,0,0.7,0,10.2,13,1.63,1,0,0,0,0,#N/A
2019,2019-AFC Asian Cup-Lebanon,Lebanon,3,126,3.99,33.9,14.01,123.6,0.99,6.99,0,44.1,44.1,6,42,1.33,11.3,4.67,41.2,0.33,2.33,0,14.7,14.7,2,1,0,0,0,0,#N/A
2019,2019-AFC Asian Cup-Oman,Oman,4,206,4,57.2,21,147.2,1,6,0,55.2,32,10,51.5,1,14.3,5.25,36.8,0.25,1.5,0,13.8,8,2.5,1,0,0,0,0,#N/A
2019,2019-AFC Asian Cup-Palestine,Palestine,3,101.1,0,17.01,5.01,88.2,0,6,0.99,33.9,30,6,33.7,0,5.67,1.67,29.4,0,2,0.33,11.3,10,2,1,0,0,0,0,#N/A
2019,2019-AFC Asian Cup-Philippines,Philippines,3,117,0.99,20.01,6,90,0,9,0,53.1,21,6.99,39,0.33,6.67,2,30,0,3,0,17.7,7,2.33,1,0,0,0,0,#N/A
2019,2019-AFC Asian Cup-Qatar,Qatar,7,343.7,18.97,72.1,31.01,301.7,2.03,3.99,0,102.9,69.02,20.02,49.1,2.71,10.3,4.43,43.1,0.29,0.57,0,14.7,9.86,2.86,1,0,0,0,0,WC Team
2019,2019-Copa America-Qatar,Qatar,3,135.9,2.01,20.01,6.99,105,0,11.01,0,35.1,45.9,5.01,45.3,0.67,6.67,2.33,35,0,3.67,0,11.7,15.3,1.67,1,0,0,0,0,WC Team
2021,2021-Gold Cup-Qatar,Qatar,5,227,12,83,28,168.5,4,2,0,63,58,7,45.4,2.4,16.6,5.6,33.7,0.8,0.4,0,12.6,11.6,1.4,1,0,0,0,0,WC Team
2019,2019-AFC Asian Cup-Saudi Arabia,Saudi Arabia,4,290,6,58,16,110.4,0,5,0,64,31,12,72.5,1.5,14.5,4,27.6,0,1.25,0,16,7.75,3,1,0,0,0,0,WC Team
2018,2018-World Cup-Saudi Arabia,Saudi Arabia,3,177,2.01,33,6.99,63.6,2.01,0.99,0,48.9,44.1,3,59,0.67,11,2.33,21.2,0.67,0.33,0,16.3,14.7,1,1,0,0,0,0,WC Team
2019,2019-AFC Asian Cup-Syria,Syria,3,171.9,2.01,38.1,14.01,110.4,0.99,6,0,45,33,6,57.3,0.67,12.7,4.67,36.8,0.33,2,0,15,11,2,1,0,0,0,0,#N/A
2019,2019-AFC Asian Cup-Thailand,Thailand,4,184,4,39,12,123.2,0,8,0,55.2,42,5,46,1,9.75,3,30.8,0,2,0,13.8,10.5,1.25,1,0,0,0,0,#N/A
2019,2019-AFC Asian Cup-Turkmenistan,Turkmenistan,3,105.9,3,27.99,9.99,107.1,0.99,5.01,0,36,30,6,35.3,1,9.33,3.33,35.7,0.33,1.67,0,12,10,2,1,0,0,0,0,#N/A
2019,2019-AFC Asian Cup-UAE,UAE,6,339,7.62,64.8,18.12,167.4,1.92,0.96,0.96,68.4,66,10.5,56.5,1.27,10.8,3.02,27.9,0.32,0.16,0.16,11.4,11,1.75,1,0,0,0,0,#N/A
2019,2019-AFC Asian Cup-Uzbekistan,Uzbekistan,4,193.2,6.52,37.2,14.88,160,0,4.64,0.92,44.8,29.76,4.64,48.3,1.63,9.3,3.72,40,0,1.16,0.23,11.2,7.44,1.16,1,0,0,0,0,#N/A
2019,2019-AFC Asian Cup-Vietnam,Vietnam,5,226,3.75,49.05,19.8,202,0.95,4.7,0,54,44.35,6.6,45.2,0.75,9.81,3.96,40.4,0.19,0.94,0,10.8,8.87,1.32,1,0,0,0,0,#N/A
2019,2019-AFC Asian Cup-Yemen,Yemen,3,105.9,0,18,3,50.1,0,8.01,0,38.1,35.1,2.01,35.3,0,6,1,16.7,0,2.67,0,12.7,11.7,0.67,1,0,0,0,0,#N/A
2021,2021-UEFA Euros-Austria,Austria,4,215.2,4.64,49.2,13.04,105.6,0,5.6,0,51.2,54,4.64,53.8,1.16,12.3,3.26,26.4,0,1.4,0,12.8,13.5,1.16,0,0,0,0,1,#N/A
2016,2016-UEFA Euros-Austria,Austria,3,162,0.99,41.1,11.01,80.4,0.99,6,0.99,38.1,39,6.99,54,0.33,13.7,3.67,26.8,0.33,2,0.33,12.7,13,2.33,0,0,0,0,1,#N/A
2022,2022-UEFA WCQ-Austria,Austria,11,687.5,20.02,179.3,58.96,363,1.98,13.97,0,119.9,97.02,21.01,62.5,1.82,16.3,5.36,33,0.18,1.27,0,10.9,8.82,1.91,0,0,0,0,1,#N/A
2021,2021-UEFA Euro Qualifiers-Austria,Austria,10,610,15,157,55,350,2,12,0,87,68,22,61,1.5,15.7,5.5,35,0.2,1.2,0,8.7,6.8,2.2,0,0,0,0,1,#N/A
2021,2021-UEFA Euros-Belgium,Belgium,5,268,8,47,18,191.5,1,4,0,58,53,8,53.6,1.6,9.4,3.6,38.3,0.2,0.8,0,11.6,10.6,1.6,0,0,0,0,1,WC Team
2016,2016-UEFA Euros-Belgium,Belgium,5,262,9,95,37,194.5,0,4,0,52,72,15,52.4,1.8,19,7.4,38.9,0,0.8,0,10.4,14.4,3,0,0,0,0,1,WC Team
2018,2018-World Cup-Belgium,Belgium,7,370.3,14.98,107.1,35,228.9,0.98,0.98,0,88.9,56.98,13.02,52.9,2.14,15.3,5,32.7,0.14,0.14,0,12.7,8.14,1.86,0,0,0,0,1,WC Team
2022,2022-UEFA WCQ-Belgium,Belgium,8,564,25.04,131.2,57.04,348,1.04,12,0,74,57.04,10,70.5,3.13,16.4,7.13,43.5,0.13,1.5,0,9.25,7.13,1.25,0,0,0,0,1,WC Team
2021,2021-UEFA Euro Qualifiers-Belgium,Belgium,10,654,33,179,81,453,2,5,0,69,58,18,65.4,3.3,17.9,8.1,45.3,0.2,0.5,0,6.9,5.8,1.8,0,0,0,0,1,WC Team
2021,2021-UEFA Euros-Croatia,Croatia,4,198,5.6,38.12,14.88,156,0,6.52,0,42,58.8,4.64,49.5,1.4,9.53,3.72,39,0,1.63,0,10.5,14.7,1.16,0,0,0,0,1,WC Team
2016,2016-UEFA Euros-Croatia,Croatia,4,195.2,4.64,61.2,14.88,96.8,0,7.44,0,61.2,54.8,4.64,48.8,1.16,15.3,3.72,24.2,0,1.86,0,15.3,13.7,1.16,0,0,0,0,1,WC Team
2018,2018-World Cup-Croatia,Croatia,7,396.2,11.41,98,23.66,168.7,1.75,3.5,0,98,53.41,10.5,56.6,1.63,14,3.38,24.1,0.25,0.5,0,14,7.63,1.5,0,0,0,0,1,WC Team
2022,2022-UEFA WCQ-Croatia,Croatia,10,663,20,180,65,361,2,16,0,97,82,17,66.3,2,18,6.5,36.1,0.2,1.6,0,9.7,8.2,1.7,0,0,0,0,1,WC Team
2021,2021-UEFA Euro Qualifiers-Croatia,Croatia,8,515.2,13.04,110.4,42,305.6,2,16,0,63.04,51.04,16,64.4,1.63,13.8,5.25,38.2,0.25,2,0,7.88,6.38,2,0,0,0,0,1,WC Team
2021,2021-UEFA Euros-Czech Republic,Czech Republic,5,240,6,55,18,163.5,1,7,0,45,78,3,48,1.2,11,3.6,32.7,0.2,1.4,0,9,15.6,0.6,0,0,0,0,1,#N/A
2016,2016-UEFA Euros-Czech Republic,Czech Republic,3,126.9,2.01,27,12.99,144.3,0.99,5.01,0,36,60,5.01,42.3,0.67,9,4.33,48.1,0.33,1.67,0,12,20,1.67,0,0,0,0,1,#N/A
2022,2022-UEFA WCQ-Czech Republic,Czech Republic,9,498.6,12.6,136.8,43.56,287.1,0,13.59,0.99,109.8,116.1,22.23,55.4,1.4,15.2,4.84,31.9,0,1.51,0.11,12.2,12.9,2.47,0,0,0,0,1,#N/A
2021,2021-UEFA Euro Qualifiers-Czech Republic,Czech Republic,8,420,12,124,43.04,277.6,2,14,0,72,67.04,19.04,52.5,1.5,15.5,5.38,34.7,0.25,1.75,0,9,8.38,2.38,0,0,0,0,1,#N/A
2021,2021-UEFA Euros-Denmark,Denmark,6,319.8,11.4,86.4,35.22,244.2,0.96,4.74,0,77.4,79.2,11.4,53.3,1.9,14.4,5.87,40.7,0.16,0.79,0,12.9,13.2,1.9,0,0,0,0,1,WC Team
2018,2018-World Cup-Denmark,Denmark,4,175.2,2.8,37.2,11.16,120,0,4.64,0,30.68,40.8,0.92,43.8,0.7,9.3,2.79,30,0,1.16,0,7.67,10.2,0.23,0,0,0,0,1,WC Team
2022,2022-UEFA WCQ-Denmark,Denmark,10,621,30,147,67,456,2,10,0,126,93,18,62.1,3,14.7,6.7,45.6,0.2,1,0,12.6,9.3,1.8,0,0,0,0,1,WC Team
2021,2021-UEFA Euro Qualifiers-Denmark,Denmark,8,490.4,20,124.8,42,268.8,3.04,6,0,74,48,18,61.3,2.5,15.6,5.25,33.6,0.38,0.75,0,9.25,6,2.25,0,0,0,0,1,WC Team
2021,2021-UEFA Euros-England,England,7,356.3,9.1,58.17,23.66,284.2,0.91,5.46,0,98,103.6,12.74,50.9,1.3,8.31,3.38,40.6,0.13,0.78,0,14,14.8,1.82,0,0,0,0,1,WC Team
2016,2016-UEFA Euros-England,England,4,248,4,82,19,92.8,1,2,0,45.2,40,5,62,1,20.5,4.75,23.2,0.25,0.5,0,11.3,10,1.25,0,0,0,0,1,WC Team
2018,2018-World Cup-England,England,7,380.8,10.92,84.7,20.02,165.9,2.73,1.82,0,100.1,39.97,14.56,54.4,1.56,12.1,2.86,23.7,0.39,0.26,0,14.3,5.71,2.08,0,0,0,0,1,WC Team
2022,2022-UEFA WCQ-England,England,10,733,38,161,71,441,5,13,0,124,66,30,73.3,3.8,16.1,7.1,44.1,0.5,1.3,0,12.4,6.6,3,0,0,0,0,1,WC Team
2021,2021-UEFA Euro Qualifiers-England,England,8,514.4,25.04,90.4,51.04,453.6,4,6,0,50,69.04,12,64.3,3.13,11.3,6.38,56.7,0.5,0.75,0,6.25,8.63,1.5,0,0,0,0,1,WC Team
2021,2021-UEFA Euros-Finland,Finland,3,113.1,0.99,18.99,3,47.4,0,3.99,0,33,44.1,3,37.7,0.33,6.33,1,15.8,0,1.33,0,11,14.7,1,0,0,0,0,1,#N/A
2022,2022-UEFA WCQ-Finland,Finland,8,372.8,10,82.4,32,312,2,11.04,1.04,76,87.2,12,46.6,1.25,10.3,4,39,0.25,1.38,0.13,9.5,10.9,1.5,0,0,0,0,1,#N/A
2021,2021-UEFA Euro Qualifiers-Finland,Finland,10,526,14,98,41,418,3,11,0,90,89,21,52.6,1.4,9.8,4.1,41.8,0.3,1.1,0,9,8.9,2.1,0,0,0,0,1,#N/A
2021,2021-UEFA Euros-France,France,4,211.2,5.6,53.2,15.8,119.2,0.92,7.44,0,57.6,50.4,5.6,52.8,1.4,13.3,3.95,29.8,0.23,1.86,0,14.4,12.6,1.4,0,0,0,0,1,WC Team
2016,2016-UEFA Euros-France,France,7,380.8,12.46,119,41.23,242.9,0.98,3.85,0,68.11,82.6,18.2,54.4,1.78,17,5.89,34.7,0.14,0.55,0,9.73,11.8,2.6,0,0,0,0,1,WC Team
2018,2018-World Cup-France,France,7,340.2,11.97,79.1,25.97,230.3,3.01,3.01,0,109.9,79.8,17.01,48.6,1.71,11.3,3.71,32.9,0.43,0.43,0,15.7,11.4,2.43,0,0,0,0,1,WC Team
2022,2022-UEFA WCQ-France,France,8,480.8,17.04,119.2,46,309.6,2,8,1.04,62,72,12,60.1,2.13,14.9,5.75,38.7,0.25,1,0.13,7.75,9,1.5,0,0,0,0,1,WC Team
2021,2021-UEFA Euro Qualifiers-France,France,10,716,17,140,52,371,4,11,0,80,45,19,71.6,1.7,14,5.2,37.1,0.4,1.1,0,8,4.5,1.9,0,0,0,0,1,WC Team
2021,2021-UEFA Euros-Germany,Germany,4,249.2,4,50,17,136,0,7,0,36,48,6,62.3,1,12.5,4.25,34,0,1.75,0,9,12,1.5,0,0,0,0,1,WC Team
2016,2016-UEFA Euros-Germany,Germany,6,400.8,6.66,107.4,33.36,186,0.96,2.88,0,59.04,82.8,12.36,66.8,1.11,17.9,5.56,31,0.16,0.48,0,9.84,13.8,2.06,0,0,0,0,1,WC Team
2018,2018-World Cup-Germany,Germany,3,216,2.01,72.9,20.01,82.2,0,3,0.99,44.1,17.01,8.01,72,0.67,24.3,6.67,27.4,0,1,0.33,14.7,5.67,2.67,0,0,0,0,1,WC Team
2022,2022-UEFA WCQ-Germany,Germany,10,758,34,224,91,406,3,12,0,90,99,15,75.8,3.4,22.4,9.1,40.6,0.3,1.2,0,9,9.9,1.5,0,0,0,0,1,WC Team
2021,2021-UEFA Euro Qualifiers-Germany,Germany,8,540,27.04,148,61.04,329.6,2,3.04,1.04,52,66,11.04,67.5,3.38,18.5,7.63,41.2,0.25,0.38,0.13,6.5,8.25,1.38,0,0,0,0,1,WC Team
2021,2021-UEFA Euros-Hungary,Hungary,3,89.1,3,18.99,9,142.2,0,6,0,39.9,47.1,3.99,29.7,1,6.33,3,47.4,0,2,0,13.3,15.7,1.33,0,0,0,0,1,#N/A
2016,2016-UEFA Euros-Hungary,Hungary,4,210,5,51.2,22,172.4,0,8,0,46,56,9,52.5,1.25,12.8,5.5,43.1,0,2,0,11.5,14,2.25,0,0,0,0,1,#N/A
2022,2022-UEFA WCQ-Hungary,Hungary,10,582,19,118,45,381,5,23,1,134,87,29,58.2,1.9,11.8,4.5,38.1,0.5,2.3,0.1,13.4,8.7,2.9,0,0,0,0,1,#N/A
2021,2021-UEFA Euro Qualifiers-Hungary,Hungary,10,498,11,103,37,359,0,23,2,111,80,24,49.8,1.1,10.3,3.7,35.9,0,2.3,0.2,11.1,8,2.4,0,0,0,0,1,#N/A
2021,2021-UEFA Euros-Italy,Italy,7,382.2,10.5,110.6,33.25,211.4,0,10.5,0,102.2,87.5,10.5,54.6,1.5,15.8,4.75,30.2,0,1.5,0,14.6,12.5,1.5,0,0,0,0,1,#N/A
2016,2016-UEFA Euros-Italy,Italy,5,224,5.65,45.3,18.85,208.5,0.95,9.45,0,67,83,8.5,44.8,1.13,9.06,3.77,41.7,0.19,1.89,0,13.4,16.6,1.7,0,0,0,0,1,#N/A
2022,2022-UEFA WCQ-Italy,Italy,9,603.9,11.97,176.4,56.97,291.6,3.96,11.97,0,106.2,92.7,20.97,67.1,1.33,19.6,6.33,32.4,0.44,1.33,0,11.8,10.3,2.33,0,0,0,0,1,#N/A
2021,2021-UEFA Euro Qualifiers-Italy,Italy,10,682,29,157,68,433,3,9,0,92,59,22,68.2,2.9,15.7,6.8,43.3,0.3,0.9,0,9.2,5.9,2.2,0,0,0,0,1,#N/A
2021,2021-UEFA Euros-N. Macedonia,N. Macedonia,3,126,2.01,32.1,6.99,65.7,0.99,8.01,0,36.9,50.1,2.01,42,0.67,10.7,2.33,21.9,0.33,2.67,0,12.3,16.7,0.67,0,0,0,0,1,#N/A
2022,2022-UEFA WCQ-N. Macedonia,N. Macedonia,12,616.8,24,151.2,60,476.4,3.96,27,0,157.2,133.2,27.96,51.4,2,12.6,5,39.7,0.33,2.25,0,13.1,11.1,2.33,0,0,0,0,1,#N/A
2021,2021-UEFA Euro Qualifiers-N. Macedonia,N. Macedonia,12,530.4,9,105.96,41.04,464.4,0,32.04,0.96,159.6,133.2,23.04,44.2,0.75,8.83,3.42,38.7,0,2.67,0.08,13.3,11.1,1.92,0,0,0,0,1,#N/A
2021,2021-UEFA Euros-Netherlands,Netherlands,4,220,8,51.2,16,125.6,1,3,1,47.2,47.2,8,55,2,12.8,4,31.4,0.25,0.75,0.25,11.8,11.8,2,0,0,0,0,1,WC Team
2022,2022-UEFA WCQ-Netherlands,Netherlands,10,726,33,234,90,385,6,13,0,112,71,26,72.6,3.3,23.4,9,38.5,0.6,1.3,0,11.2,7.1,2.6,0,0,0,0,1,WC Team
2021,2021-UEFA Euro Qualifiers-Netherlands,Netherlands,8,527.2,17.04,116,50,344.8,0,7.04,0,57.04,40,16,65.9,2.13,14.5,6.25,43.1,0,0.88,0,7.13,5,2,0,0,0,0,1,WC Team
2021,2021-UEFA Euros-Poland,Poland,3,147.9,3.99,41.1,12,87.9,0,8.01,0.99,42,39,3.99,49.3,1.33,13.7,4,29.3,0,2.67,0.33,14,13,1.33,0,0,0,0,1,WC Team
2016,2016-UEFA Euros-Poland,Poland,5,232,3.5,59.5,14.9,125,0,2.65,0,65,74.5,8.75,46.4,0.7,11.9,2.98,25,0,0.53,0,13,14.9,1.75,0,0,0,0,1,WC Team
2018,2018-World Cup-Poland,Poland,3,150.9,2.01,32.1,6.99,65.7,0,3,0,38.1,35.1,3,50.3,0.67,10.7,2.33,21.9,0,1,0,12.7,11.7,1,0,0,0,0,1,WC Team
2022,2022-UEFA WCQ-Poland,Poland,11,672.1,31.02,159.5,65.01,446.6,0.99,23.98,0,159.5,107.03,31.02,61.1,2.82,14.5,5.91,40.6,0.09,2.18,0,14.5,9.73,2.82,0,0,0,0,1,WC Team
2021,2021-UEFA Euro Qualifiers-Poland,Poland,10,550,15,109,38,349,1,15,0,95,104,25,55,1.5,10.9,3.8,34.9,0.1,1.5,0,9.5,10.4,2.5,0,0,0,0,1,WC Team
2021,2021-UEFA Euros-Portugal,Portugal,4,217.2,7,48,15,125.2,3,4,0,65.2,44,10,54.3,1.75,12,3.75,31.3,0.75,1,0,16.3,11,2.5,0,0,0,0,1,WC Team
2016,2016-UEFA Euros-Portugal,Portugal,7,371,7.91,107.8,32.41,210.7,0.91,5.25,0,83.3,88.2,17.5,53,1.13,15.4,4.63,30.1,0.13,0.75,0,11.9,12.6,2.5,0,0,0,0,1,WC Team
2018,2018-World Cup-Portugal,Portugal,4,215.2,6,56,11,78.4,2,1,0,62,29,4,53.8,1.5,14,2.75,19.6,0.5,0.25,0,15.5,7.25,1,0,0,0,0,1,WC Team
2022,2022-UEFA WCQ-Portugal,Portugal,10,592,21,180,72,400,3,21,1,121,109,26,59.2,2.1,18,7.2,40,0.3,2.1,0.1,12.1,10.9,2.6,0,0,0,0,1,WC Team
2021,2021-UEFA Euro Qualifiers-Portugal,Portugal,8,504,21.04,132.8,55.04,331.2,3.04,5.04,0,63.04,53.04,17.04,63,2.63,16.6,6.88,41.4,0.38,0.63,0,7.88,6.63,2.13,0,0,0,0,1,WC Team
2021,2021-UEFA Euros-Russia,Russia,3,128.1,2.01,24,5.01,62.4,0.99,5.01,0,42,35.1,3,42.7,0.67,8,1.67,20.8,0.33,1.67,0,14,11.7,1,0,0,0,0,1,#N/A
2016,2016-UEFA Euros-Russia,Russia,3,162,2.01,33,6,54.6,0,2.01,0,27,53.1,3,54,0.67,11,2,18.2,0,0.67,0,9,17.7,1,0,0,0,0,1,#N/A
2018,2018-World Cup-Russia,Russia,5,188,8.75,43,15.8,183.5,0.9,3.5,0.9,54.5,43,7,37.6,1.75,8.6,3.16,36.7,0.18,0.7,0.18,10.9,8.6,1.4,0,0,0,0,1,#N/A
2022,2022-UEFA WCQ-Russia,Russia,10,478,18,107,44,411,1,16,0,90,120,18,47.8,1.8,10.7,4.4,41.1,0.1,1.6,0,9,12,1.8,0,0,0,0,1,#N/A
2021,2021-UEFA Euro Qualifiers-Russia,Russia,10,629,25,188,70,372,2,8,0,67,87,16,62.9,2.5,18.8,7,37.2,0.2,0.8,0,6.7,8.7,1.6,0,0,0,0,1,#N/A
2021,2021-UEFA Euros-Scotland,Scotland,3,132,0.99,41.1,8.01,58.5,0,3,0,30.9,59.1,0.99,44,0.33,13.7,2.67,19.5,0,1,0,10.3,19.7,0.33,0,0,0,0,1,#N/A
2022,2022-UEFA WCQ-Scotland,Scotland,11,539,18.04,141.9,55.99,433.4,1.98,18.04,0,144.1,108.02,21.01,49,1.64,12.9,5.09,39.4,0.18,1.64,0,13.1,9.82,1.91,0,0,0,0,1,#N/A
2021,2021-UEFA Euro Qualifiers-Scotland,Scotland,12,610.8,14.16,128.4,46.32,432,0,16.08,0,105.84,100.2,20.76,50.9,1.18,10.7,3.86,36,0,1.34,0,8.82,8.35,1.73,0,0,0,0,1,#N/A
2021,2021-UEFA Euros-Slovakia,Slovakia,3,135,0.99,24,2.01,24.9,0,6,0,39,39,5.01,45,0.33,8,0.67,8.3,0,2,0,13,13,1.67,0,0,0,0,1,#N/A
2016,2016-UEFA Euros-Slovakia,Slovakia,4,174,3,33,10,121.2,0,7,0,50,66,3,43.5,0.75,8.25,2.5,30.3,0,1.75,0,12.5,16.5,0.75,0,0,0,0,1,#N/A
2022,2022-UEFA WCQ-Slovakia,Slovakia,10,567,17,160,53,331,1,16,0,131,114,22,56.7,1.7,16,5.3,33.1,0.1,1.6,0,13.1,11.4,2.2,0,0,0,0,1,#N/A
2021,2021-UEFA Euro Qualifiers-Slovakia,Slovakia,10,553,12.1,105,42.1,402,0,18.7,1.9,108,75.7,24.3,55.3,1.21,10.5,4.21,40.2,0,1.87,0.19,10.8,7.57,2.43,0,0,0,0,1,#N/A
2021,2021-UEFA Euros-Spain,Spain,6,436.2,8.58,98.4,36.84,224.4,1.74,5.16,0,100.2,57.42,11.16,72.7,1.43,16.4,6.14,37.4,0.29,0.86,0,16.7,9.57,1.86,0,0,0,0,1,WC Team
2016,2016-UEFA Euros-Spain,Spain,4,260,5,66,19,115.2,1,1,0,52,42,10,65,1.25,16.5,4.75,28.8,0.25,0.25,0,13,10.5,2.5,0,0,0,0,1,WC Team
2018,2018-World Cup-Spain,Spain,4,296,5.6,66.8,18.6,111.2,0,0.92,0,58.8,27.92,10.24,74,1.4,16.7,4.65,27.8,0,0.23,0,14.7,6.98,2.56,0,0,0,0,1,WC Team
2022,2022-UEFA WCQ-Spain,Spain,8,608,15.04,111.2,39.04,280.8,1.04,8,0,84.8,68,14,76,1.88,13.9,4.88,35.1,0.13,1,0,10.6,8.5,1.75,0,0,0,0,1,WC Team
2021,2021-UEFA Euro Qualifiers-Spain,Spain,10,746,27,200,75,375,3,16,1,87,60,11,74.6,2.7,20,7.5,37.5,0.3,1.6,0.1,8.7,6,1.1,0,0,0,0,1,WC Team
2021,2021-UEFA Euros-Sweden,Sweden,4,136,4.64,37.2,9.32,100,0.92,4.64,0.92,35.36,59.6,6.52,34,1.16,9.3,2.33,25,0.23,1.16,0.23,8.84,14.9,1.63,0,0,0,0,1,#N/A
2016,2016-UEFA Euros-Sweden,Sweden,3,159,0,23.01,3.99,52.2,0,3.99,0,39,29.01,6,53,0,7.67,1.33,17.4,0,1.33,0,13,9.67,2,0,0,0,0,1,#N/A
2018,2018-World Cup-Sweden,Sweden,5,188,5,56,19,169.5,2,5,0,69,43,10,37.6,1,11.2,3.8,33.9,0.4,1,0,13.8,8.6,2,0,0,0,0,1,#N/A
2022,2022-UEFA WCQ-Sweden,Sweden,10,483,12.6,125,49.5,395,2.9,24.3,0,110,84.5,30.1,48.3,1.26,12.5,4.95,39.5,0.29,2.43,0,11,8.45,3.01,0,0,0,0,1,#N/A
2021,2021-UEFA Euro Qualifiers-Sweden,Sweden,10,512,17,110,52,473,2,10,0,89,69,21,51.2,1.7,11,5.2,47.3,0.2,1,0,8.9,6.9,2.1,0,0,0,0,1,#N/A
2021,2021-UEFA Euros-Switzerland,Switzerland,5,239,7,59,18.4,156.5,0.9,9.65,0.9,60.5,79,7,47.8,1.4,11.8,3.68,31.3,0.18,1.93,0.18,12.1,15.8,1.4,0,0,0,0,1,WC Team
2016,2016-UEFA Euros-Switzerland,Switzerland,4,238,2.8,63.2,19.52,123.6,0,3.72,0,53.2,47.6,12.08,59.5,0.7,15.8,4.88,30.9,0,0.93,0,13.3,11.9,3.02,0,0,0,0,1,WC Team
2018,2018-World Cup-Switzerland,Switzerland,4,235.2,5,55.2,13,94.4,0,7,0,58,37,9,58.8,1.25,13.8,3.25,23.6,0,1.75,0,14.5,9.25,2.25,0,0,0,0,1,WC Team
2022,2022-UEFA WCQ-Switzerland,Switzerland,8,508.8,15.04,124.8,49.04,313.6,1.04,13.04,0,65.04,78,14,63.6,1.88,15.6,6.13,39.2,0.13,1.63,0,8.13,9.75,1.75,0,0,0,0,1,WC Team
2021,2021-UEFA Euro Qualifiers-Switzerland,Switzerland,8,507.2,15.04,170.4,55.04,259.2,1.04,11.04,0,83.2,58,19.04,63.4,1.88,21.3,6.88,32.4,0.13,1.38,0,10.4,7.25,2.38,0,0,0,0,1,WC Team
2021,2021-UEFA Euros-Turkey,Turkey,3,150,0.99,41.1,11.01,80.4,0,6.99,0,30.9,57,3,50,0.33,13.7,3.67,26.8,0,2.33,0,10.3,19,1,0,0,0,0,1,#N/A
2016,2016-UEFA Euros-Turkey,Turkey,3,135.9,2.01,26.01,3.99,46.2,0,6.99,0,45,41.1,5.01,45.3,0.67,8.67,1.33,15.4,0,2.33,0,15,13.7,1.67,0,0,0,0,1,#N/A
2022,2022-UEFA WCQ-Turkey,Turkey,11,621.5,28.05,178.2,70.95,438.9,4.95,29.04,0.99,121,101.97,25.96,56.5,2.55,16.2,6.45,39.9,0.45,2.64,0.09,11,9.27,2.36,0,0,0,0,1,#N/A
2021,2021-UEFA Euro Qualifiers-Turkey,Turkey,10,607,12,112,39,348,1,19,0,117,65,27,60.7,1.2,11.2,3.9,34.8,0.1,1.9,0,11.7,6.5,2.7,0,0,0,0,1,#N/A
2021,2021-UEFA Euros-Ukraine,Ukraine,5,245,5.65,47.15,18.85,200,0.95,3.75,0,43.4,77.5,3.75,49,1.13,9.43,3.77,40,0.19,0.75,0,8.68,15.5,0.75,0,0,0,0,1,#N/A
2016,2016-UEFA Euros-Ukraine,Ukraine,3,167.1,0,41.1,11.01,80.4,0,5.01,0,35.1,45.9,3.99,55.7,0,13.7,3.67,26.8,0,1.67,0,11.7,15.3,1.33,0,0,0,0,1,#N/A
2022,2022-UEFA WCQ-Ukraine,Ukraine,10,537,14,138,46,333,0,16,1,98,84,21,53.7,1.4,13.8,4.6,33.3,0,1.6,0.1,9.8,8.4,2.1,0,0,0,0,1,#N/A
2021,2021-UEFA Euro Qualifiers-Ukraine,Ukraine,8,443.2,15.04,88.8,37.04,332.8,0,12,1.04,76,47.04,16,55.4,1.88,11.1,4.63,41.6,0,1.5,0.13,9.5,5.88,2,0,0,0,0,1,#N/A
2021,2021-UEFA Euros-Wales,Wales,4,151.2,3,38,11,115.6,1,9,2,53.2,45.2,5,37.8,0.75,9.5,2.75,28.9,0.25,2.25,0.5,13.3,11.3,1.25,0,0,0,0,1,WC Team
2016,2016-UEFA Euros-Wales,Wales,6,280.8,9,69,33,286.8,0,3,0,70.2,94.2,12,46.8,1.5,11.5,5.5,47.8,0,0.5,0,11.7,15.7,2,0,0,0,0,1,WC Team
2022,2022-UEFA WCQ-Wales,Wales,10,481,16,119,44,370,3,19,1,126,109,21,48.1,1.6,11.9,4.4,37,0.3,1.9,0.1,12.6,10.9,2.1,0,0,0,0,1,WC Team
2021,2021-UEFA Euro Qualifiers-Wales,Wales,8,348.8,9.04,104,40,308,0,21.04,0,112.8,77.04,31.04,43.6,1.13,13,5,38.5,0,2.63,0,14.1,9.63,3.88,0,0,0,0,1,WC Team
2016,2016-UEFA Euros-Albania,Albania,3,120.9,0.99,30.9,9,87,0,9,0.99,44.1,36,6,40.3,0.33,10.3,3,29,0,3,0.33,14.7,12,2,0,0,0,0,1,#N/A
2022,2022-UEFA WCQ-Albania,Albania,10,538,12,131,39,298,1,29,0,135,101,19,53.8,1.2,13.1,3.9,29.8,0.1,2.9,0,13.5,10.1,1.9,0,0,0,0,1,#N/A
2021,2021-UEFA Euro Qualifiers-Albania,Albania,10,563,13,93,28,301,1,20,0,132,80,23,56.3,1.3,9.3,2.8,30.1,0.1,2,0,13.2,8,2.3,0,0,0,0,1,#N/A
2016,2016-UEFA Euros-Iceland,Iceland,5,159,8,42,19,226,1,10,0,49,69,6,31.8,1.6,8.4,3.8,45.2,0.2,2,0,9.8,13.8,1.2,0,0,0,0,1,#N/A
2018,2018-World Cup-Iceland,Iceland,3,99,2.01,33.9,9.99,88.2,2.01,3,0,30,44.1,3,33,0.67,11.3,3.33,29.4,0.67,1,0,10,14.7,1,0,0,0,0,1,#N/A
2022,2022-UEFA WCQ-Iceland,Iceland,10,481,12,118,35,297,3,20,1,97,89,20,48.1,1.2,11.8,3.5,29.7,0.3,2,0.1,9.7,8.9,2,0,0,0,0,1,#N/A
2021,2021-UEFA Euro Qualifiers-Iceland,Iceland,12,531.6,14.04,134.4,48.96,439.2,2.04,15.96,0,124.8,127.2,30.96,44.3,1.17,11.2,4.08,36.6,0.17,1.33,0,10.4,10.6,2.58,0,0,0,0,1,#N/A
2016,2016-UEFA Euros-Northern Ireland,Northern Ireland,4,131.2,2,21,11,209.6,0,2,0,38,55.2,6,32.8,0.5,5.25,2.75,52.4,0,0.5,0,9.5,13.8,1.5,0,0,0,0,1,#N/A
2022,2022-UEFA WCQ-Northern Ireland,Northern Ireland,8,356.8,5.04,71.04,26,292.8,2,18,1.04,99.2,67.04,14,44.6,0.63,8.88,3.25,36.6,0.25,2.25,0.13,12.4,8.38,1.75,0,0,0,0,1,#N/A
2021,2021-UEFA Euro Qualifiers-Northern Ireland,Northern Ireland,10,406,5.6,72,18.7,260,0.9,13.1,0,91.6,81.3,12.1,40.6,0.56,7.2,1.87,26,0.09,1.31,0,9.16,8.13,1.21,0,0,0,0,1,#N/A
2016,2016-UEFA Euros-Rep. of Ireland,Rep. of Ireland,4,167.2,3,37,10,108,1,5,0,49.2,48,8,41.8,0.75,9.25,2.5,27,0.25,1.25,0,12.3,12,2,0,0,0,0,1,#N/A
2022,2022-UEFA WCQ-Rep. of Ireland,Rep. of Ireland,8,378.4,10,98.4,31.04,252.8,0,19.04,0,95.2,87.2,16,47.3,1.25,12.3,3.88,31.6,0,2.38,0,11.9,10.9,2,0,0,0,0,1,#N/A
2021,2021-UEFA Euro Qualifiers-Rep. of Ireland,Rep. of Ireland,9,451.8,4.86,95.4,27.09,254.7,0,16.47,0.99,75.51,79.38,13.59,50.2,0.54,10.6,3.01,28.3,0,1.83,0.11,8.39,8.82,1.51,0,0,0,0,1,#N/A
2016,2016-UEFA Euros-Romania,Romania,3,132.9,2.01,39.9,8.01,60,2.01,9.99,0,30.9,45.9,6,44.3,0.67,13.3,2.67,20,0.67,3.33,0,10.3,15.3,2,0,0,0,0,1,#N/A
2022,2022-UEFA WCQ-Romania,Romania,10,523,13,179,65,363,1,19,1,102,117,24,52.3,1.3,17.9,6.5,36.3,0.1,1.9,0.1,10.2,11.7,2.4,0,0,0,0,1,#N/A
2021,2021-UEFA Euro Qualifiers-Romania,Romania,11,547.8,12.98,136.4,45.98,371.8,1.98,14.96,0.99,94.05,115.5,18.04,49.8,1.18,12.4,4.18,33.8,0.18,1.36,0.09,8.55,10.5,1.64,0,0,0,0,1,#N/A
2018,2018-World Cup-Argentina,Argentina,4,261.2,6,57.2,16,112.4,1,6,0,81.2,34,9,65.3,1.5,14.3,4,28.1,0.25,1.5,0,20.3,8.5,2.25,0,0,0,1,0,WC Team
2021,2021-Copa America-Argentina,Argentina,7,343,11.48,88.9,36.47,286.3,0.98,17.29,0,140.7,88.9,20.16,49,1.64,12.7,5.21,40.9,0.14,2.47,0,20.1,12.7,2.88,0,0,0,1,0,WC Team
2019,2019-Copa America-Argentina,Argentina,6,292.2,7.02,85.2,31.02,219,1.02,1.98,0,93,61.8,19.02,48.7,1.17,14.2,5.17,36.5,0.17,0.33,0,15.5,10.3,3.17,0,0,0,1,0,WC Team
2016,2016-Copa America-Argentina,Argentina,6,376.8,17.16,79.2,33.36,253.2,0,0.96,0,93.6,67.8,21.9,62.8,2.86,13.2,5.56,42.2,0,0.16,0,15.6,11.3,3.65,0,0,0,1,0,WC Team
2022,2022-CONMEBOL WCQ-Argentina,Argentina,17,1009.8,25.5,217.6,83.98,657.9,1.87,28.39,0,265.2,178.5,44.37,59.4,1.5,12.8,4.94,38.7,0.11,1.67,0,15.6,10.5,2.61,0,0,0,1,0,WC Team
2018,2018-World Cup-Brazil,Brazil,5,293,8,103,39,189.5,0,3,0,85,54,13,58.6,1.6,20.6,7.8,37.9,0,0.6,0,17,10.8,2.6,0,0,0,1,0,WC Team
2021,2021-Copa America-Brazil,Brazil,7,403.9,11.97,90.3,35.98,280,0.98,11.97,0.98,123.9,100.1,20.02,57.7,1.71,12.9,5.14,40,0.14,1.71,0.14,17.7,14.3,2.86,0,0,0,1,0,WC Team
2019,2019-Copa America-Brazil,Brazil,6,385.8,12.36,95.4,30.48,192,2.88,3.78,0.96,99,43.8,15.24,64.3,2.06,15.9,5.08,32,0.48,0.63,0.16,16.5,7.3,2.54,0,0,0,1,0,WC Team
2016,2016-Copa America-Brazil,Brazil,3,201,6.99,42.9,20.01,139.5,0,6,0,39,26.01,5.01,67,2.33,14.3,6.67,46.5,0,2,0,13,8.67,1.67,0,0,0,1,0,WC Team
2022,2022-CONMEBOL WCQ-Brazil,Brazil,17,1018.3,36.89,226.1,100.13,754.8,5.61,32.98,1.02,241.4,159.63,51,59.9,2.17,13.3,5.89,44.4,0.33,1.94,0.06,14.2,9.39,3,0,0,0,1,0,WC Team
2018,2018-World Cup-Colombia,Colombia,4,202,5.6,38.12,11.16,117.2,0,2.8,0.92,52,31.64,5.6,50.5,1.4,9.53,2.79,29.3,0,0.7,0.23,13,7.91,1.4,0,0,0,1,0,#N/A
2021,2021-Copa America-Colombia,Colombia,7,343,6.72,72.8,27.79,267.4,0.98,18.2,0.98,96.6,95.9,17.29,49,0.96,10.4,3.97,38.2,0.14,2.6,0.14,13.8,13.7,2.47,0,0,0,1,0,#N/A
2019,2019-Copa America-Colombia,Colombia,4,204,3.72,42.8,13.04,121.6,0,6.52,0,53.2,29.76,9.32,51,0.93,10.7,3.26,30.4,0,1.63,0,13.3,7.44,2.33,0,0,0,1,0,#N/A
2016,2016-Copa America-Colombia,Colombia,6,294,6.66,75,24.78,197.4,0.96,2.88,1.92,91.2,87.6,16.2,49,1.11,12.5,4.13,32.9,0.16,0.48,0.32,15.2,14.6,2.7,0,0,0,1,0,#N/A
2022,2022-CONMEBOL WCQ-Colombia,Colombia,18,957.6,19.98,221.4,70.02,570.6,5.04,41.94,1.98,253.8,163.08,54,53.2,1.11,12.3,3.89,31.7,0.28,2.33,0.11,14.1,9.06,3,0,0,0,1,0,#N/A
2018,2018-World Cup-Costa Rica,Costa Rica,3,117.9,0.99,27,9,99.9,0.99,6,0,33.9,30,6.99,39.3,0.33,9,3,33.3,0.33,2,0,11.3,10,2.33,0,0,1,0,0,WC Team
2016,2016-Copa America-Costa Rica,Costa Rica,3,156.9,2.01,21,9,128.7,0,6,0.99,30.9,47.1,6,52.3,0.67,7,3,42.9,0,2,0.33,10.3,15.7,2,0,0,1,0,0,WC Team
2021,2021-Gold Cup-Costa Rica,Costa Rica,4,211.2,6,30,9,120,0,8,2,59.2,43.2,8,52.8,1.5,7.5,2.25,30,0,2,0.5,14.8,10.8,2,0,0,1,0,0,WC Team
2019,2019-Gold Cup-Costa Rica,Costa Rica,4,237.2,6.52,58.8,22.32,152.4,0.92,4.64,0,54,56.8,7.44,59.3,1.63,14.7,5.58,38.1,0.23,1.16,0,13.5,14.2,1.86,0,0,1,0,0,WC Team
2017,2017-Gold Cup-Costa Rica,Costa Rica,5,250,5,62,25,201.5,0,1,0,61,69,6,50,1,12.4,5,40.3,0,0.2,0,12.2,13.8,1.2,0,0,1,0,0,WC Team
2018,2018-World Cup-Egypt,Egypt,3,129.9,2.01,30,5.01,50.1,0.99,5.01,0,24,41.1,0.99,43.3,0.67,10,1.67,16.7,0.33,1.67,0,8,13.7,0.33,0,1,0,0,0,#N/A
2021,2021-Africa Cup of Nations-Egypt,Egypt,7,370.3,3.36,69.16,20.23,205.1,0,9.31,0,94.5,64.96,12.67,52.9,0.48,9.88,2.89,29.3,0,1.33,0,13.5,9.28,1.81,0,1,0,0,0,#N/A
2019,2019-Africa Cup of Nations-Egypt,Egypt,4,225.2,5,47.2,19,161.6,0,1,0,56,34,8,56.3,1.25,11.8,4.75,40.4,0,0.25,0,14,8.5,2,0,1,0,0,0,#N/A
2017,2017-Africa Cup of Nations-Egypt,Egypt,6,285,4.74,41.88,14.28,204.6,0,1.92,0,103.8,75,7.62,47.5,0.79,6.98,2.38,34.1,0,0.32,0,17.3,12.5,1.27,0,1,0,0,0,#N/A
2018,2018-World Cup-Mexico,Mexico,4,210,3,61.2,12,78.8,1,5,0,59.2,46,10,52.5,0.75,15.3,3,19.7,0.25,1.25,0,14.8,11.5,2.5,0,0,1,0,0,WC Team
2016,2016-Copa America-Mexico,Mexico,4,234,5,70,21,120,0,4,1,58,42,10,58.5,1.25,17.5,5.25,30,0,1,0.25,14.5,10.5,2.5,0,0,1,0,0,WC Team
2021,2021-Gold Cup-Mexico,Mexico,6,397.2,8.58,108.6,37.14,205.2,1.92,10.5,0,91.2,66,13.32,66.2,1.43,18.1,6.19,34.2,0.32,1.75,0,15.2,11,2.22,0,0,1,0,0,WC Team
2019,2019-Gold Cup-Mexico,Mexico,6,391.8,14.34,127.2,41.22,194.4,0.9,0.9,0,85.8,54.6,8.94,65.3,2.39,21.2,6.87,32.4,0.15,0.15,0,14.3,9.1,1.49,0,0,1,0,0,WC Team
2017,2017-Gold Cup-Mexico,Mexico,5,327,6,67,28,209,0,3,0,71,66,12,65.4,1.2,13.4,5.6,41.8,0,0.6,0,14.2,13.2,2.4,0,0,1,0,0,WC Team
2018,2018-World Cup-Morocco,Morocco,3,147,2.01,39,9.99,76.8,0,8.01,0,39,30.9,3.99,49,0.67,13,3.33,25.6,0,2.67,0,13,10.3,1.33,0,1,0,0,0,WC Team
2021,2021-Africa Cup of Nations-Morocco,Morocco,5,303,7.55,75.5,27.35,181.5,2.85,5.65,0,91.5,48.1,12.25,60.6,1.51,15.1,5.47,36.3,0.57,1.13,0,18.3,9.62,2.45,0,1,0,0,0,WC Team
2019,2019-Africa Cup of Nations-Morocco,Morocco,4,245.2,2.8,59.6,16.76,112.4,0.92,0.92,0,72.4,45.6,8.36,61.3,0.7,14.9,4.19,28.1,0.23,0.23,0,18.1,11.4,2.09,0,1,0,0,0,WC Team
2017,2017-Africa Cup of Nations-Morocco,Morocco,4,196,4,54,12,88.8,0,0,0,76,38,8,49,1,13.5,3,22.2,0,0,0,19,9.5,2,0,1,0,0,0,WC Team
2018,2018-World Cup-Nigeria,Nigeria,3,141.9,3,38.1,8.01,63.3,0.99,3.99,0,48.9,41.1,5.01,47.3,1,12.7,2.67,21.1,0.33,1.33,0,16.3,13.7,1.67,0,1,0,0,0,#N/A
2021,2021-Africa Cup of Nations-Nigeria,Nigeria,4,207.2,6,61.2,18,118,0,3,1,52,36,2,51.8,1.5,15.3,4.5,29.5,0,0.75,0.25,13,9,0.5,0,1,0,0,0,#N/A
2019,2019-Africa Cup of Nations-Nigeria,Nigeria,7,345.1,9.03,84.7,24.01,197.4,0.98,2.03,0,112,79.8,14.98,49.3,1.29,12.1,3.43,28.2,0.14,0.29,0,16,11.4,2.14,0,1,0,0,0,#N/A
2018,2018-World Cup-Panama,Panama,3,108,0.99,24,8.01,99.9,0,11.01,0,48.9,36.9,6.99,36,0.33,8,2.67,33.3,0,3.67,0,16.3,12.3,2.33,0,0,1,0,0,#N/A
2016,2016-Copa America-Panama,Panama,3,102.9,3.99,33.9,12,105.9,0,12.99,0.99,50.1,36,6,34.3,1.33,11.3,4,35.3,0,4.33,0.33,16.7,12,2,0,0,1,0,0,#N/A
2021,2021-Gold Cup-Panama,Panama,3,177,8.01,44.1,18.99,129.6,2.01,3,0,27.99,30,5.01,59,2.67,14.7,6.33,43.2,0.67,1,0,9.33,10,1.67,0,0,1,0,0,#N/A
2019,2019-Gold Cup-Panama,Panama,4,202,5,50,18,144,1,2,0,61.2,33,6,50.5,1.25,12.5,4.5,36,0.25,0.5,0,15.3,8.25,1.5,0,0,1,0,0,#N/A
2017,2017-Gold Cup-Panama,Panama,4,206,6,45.2,17,151.2,0,3,0,42,49.2,7,51.5,1.5,11.3,4.25,37.8,0,0.75,0,10.5,12.3,1.75,0,0,1,0,0,#N/A
2018,2018-World Cup-Peru,Peru,3,150.9,2.01,32.1,11.01,103.2,0.99,5.01,0,39.9,24.99,8.01,50.3,0.67,10.7,3.67,34.4,0.33,1.67,0,13.3,8.33,2.67,0,0,0,1,0,#N/A
2021,2021-Copa America-Peru,Peru,7,340.2,7.7,60.41,21.07,244.3,0,13.44,0.98,102.9,101.5,11.48,48.6,1.1,8.63,3.01,34.9,0,1.92,0.14,14.7,14.5,1.64,0,0,0,1,0,#N/A
2019,2019-Copa America-Peru,Peru,6,271.2,6.66,60,22.86,228.6,0.96,2.88,0,84,72.6,15.24,45.2,1.11,10,3.81,38.1,0.16,0.48,0,14,12.1,2.54,0,0,0,1,0,#N/A
2016,2016-Copa America-Peru,Peru,4,177.2,3.72,25.12,10.24,162.8,0,4.64,0,54.8,84.8,8.36,44.3,0.93,6.28,2.56,40.7,0,1.16,0,13.7,21.2,2.09,0,0,0,1,0,#N/A
2022,2022-CONMEBOL WCQ-Peru,Peru,18,815.4,19.08,178.02,66.96,676.8,1.08,41.04,3.06,259.2,198,39.96,45.3,1.06,9.89,3.72,37.6,0.06,2.28,0.17,14.4,11,2.22,0,0,0,1,0,#N/A
2018,2018-World Cup-Senegal,Senegal,3,126,3,29.01,11.01,113.7,0,6,0,30.9,42.9,3.99,42,1,9.67,3.67,37.9,0,2,0,10.3,14.3,1.33,0,1,0,0,0,WC Team
2021,2021-Africa Cup of Nations-Senegal,Senegal,7,405.3,8.61,90.3,30.66,238,1.89,11.48,0,121.1,40.25,11.48,57.9,1.23,12.9,4.38,34,0.27,1.64,0,17.3,5.75,1.64,0,1,0,0,0,WC Team
2019,2019-Africa Cup of Nations-Senegal,Senegal,7,415.1,6.72,91,31.64,242.9,3.85,3.85,0,171.5,57.54,20.16,59.3,0.96,13,4.52,34.7,0.55,0.55,0,24.5,8.22,2.88,0,1,0,0,0,WC Team
2017,2017-Africa Cup of Nations-Senegal,Senegal,4,205.2,5.6,57.6,18.6,129.2,0.92,4.64,0,87.6,60.4,7.44,51.3,1.4,14.4,4.65,32.3,0.23,1.16,0,21.9,15.1,1.86,0,1,0,0,0,WC Team
2015,2015-Africa Cup of Nations-Senegal,Senegal,3,174.9,3,42.9,11.01,76.8,0,5.01,0,66.9,35.1,5.01,58.3,1,14.3,3.67,25.6,0,1.67,0,22.3,11.7,1.67,0,1,0,0,0,WC Team
2018,2018-World Cup-Serbia,Serbia,3,128.1,2.01,35.1,6,51.3,0,9,0,38.1,24.99,3,42.7,0.67,11.7,2,17.1,0,3,0,12.7,8.33,1,0,0,0,0,1,WC Team
2022,2022-UEFA WCQ-Serbia,Serbia,8,440.8,17.04,127.2,52,327.2,2,14,1.04,99.2,96,17.04,55.1,2.13,15.9,6.5,40.9,0.25,1.75,0.13,12.4,12,2.13,0,0,0,0,1,WC Team
2021,2021-UEFA Euro Qualifiers-Serbia,Serbia,10,529,17.8,124,57,459,0.9,15,0,91.6,80.4,15,52.9,1.78,12.4,5.7,45.9,0.09,1.5,0,9.16,8.04,1.5,0,0,0,0,1,WC Team
2018,2018-World Cup-Tunisia,Tunisia,3,158.1,5.01,36.9,11.01,89.1,0.99,3.99,0,39,35.1,3.99,52.7,1.67,12.3,3.67,29.7,0.33,1.33,0,13,11.7,1.33,0,1,0,0,0,WC Team
2021,2021-Africa Cup of Nations-Tunisia,Tunisia,5,287,5,57,20,175.5,3,10,1,65,40,10,57.4,1,11.4,4,35.1,0.6,2,0.2,13,8,2,0,1,0,0,0,WC Team
2019,2019-Africa Cup of Nations-Tunisia,Tunisia,7,377.3,5.46,67.27,17.29,179.9,1.82,1.82,0,96.6,49.07,11.83,53.9,0.78,9.61,2.47,25.7,0.26,0.26,0,13.8,7.01,1.69,0,1,0,0,0,WC Team
2017,2017-Africa Cup of Nations-Tunisia,Tunisia,4,211.2,5,55.2,20,145.6,2,4,0,75.2,42,11,52.8,1.25,13.8,5,36.4,0.5,1,0,18.8,10.5,2.75,0,1,0,0,0,WC Team
2015,2015-Africa Cup of Nations-Tunisia,Tunisia,4,202,4.64,43.6,16.76,153.2,0,1.88,0,49.2,56.8,2.8,50.5,1.16,10.9,4.19,38.3,0,0.47,0,12.3,14.2,0.7,0,1,0,0,0,WC Team
2018,2018-World Cup-Uruguay,Uruguay,5,233,6,63,20,158.5,0,1,0,76,62,8,46.6,1.2,12.6,4,31.7,0,0.2,0,15.2,12.4,1.6,0,0,0,1,0,WC Team
2021,2021-Copa America-Uruguay,Uruguay,5,260,2,64,21,164,1,4,0,68,70,9,52,0.4,12.8,4.2,32.8,0.2,0.8,0,13.6,14,1.8,0,0,0,1,0,WC Team
2019,2019-Copa America-Uruguay,Uruguay,4,212,5.6,60.4,21.4,141.6,0.92,1.88,0,61.2,34.4,3.72,53,1.4,15.1,5.35,35.4,0.23,0.47,0,15.3,8.6,0.93,0,0,0,1,0,WC Team
2016,2016-Copa America-Uruguay,Uruguay,3,149.1,3,39,11.01,84.6,0,3.99,0.99,45.9,32.1,8.01,49.7,1,13,3.67,28.2,0,1.33,0.33,15.3,10.7,2.67,0,0,0,1,0,WC Team
2022,2022-CONMEBOL WCQ-Uruguay,Uruguay,18,838.8,21.96,214.2,70.92,594,5.94,28.98,1.08,223.2,248.4,37.08,46.6,1.22,11.9,3.94,33,0.33,1.61,0.06,12.4,13.8,2.06,0,0,0,1,0,WC Team
2021,2021-Copa America-Bolivia,Bolivia,4,141.2,2,23,9,156.4,1,11,1,39,70,4,35.3,0.5,5.75,2.25,39.1,0.25,2.75,0.25,9.75,17.5,1,0,0,0,1,0,#N/A
2019,2019-Copa America-Bolivia,Bolivia,3,122.1,2.01,21.99,6.99,95.4,0.99,6,0,35.1,32.1,3,40.7,0.67,7.33,2.33,31.8,0.33,2,0,11.7,10.7,1,0,0,0,1,0,#N/A
2016,2016-Copa America-Bolivia,Bolivia,3,84,2.01,18,5.01,83.4,0,9,0,45.9,48.9,8.01,28,0.67,6,1.67,27.8,0,3,0,15.3,16.3,2.67,0,0,0,1,0,#N/A
2022,2022-CONMEBOL WCQ-Bolivia,Bolivia,18,766.8,23.04,207,70.02,608.4,3.06,43.92,3.96,181.8,187.2,23.94,42.6,1.28,11.5,3.89,33.8,0.17,2.44,0.22,10.1,10.4,1.33,0,0,0,1,0,#N/A
2021,2021-Copa America-Chile,Chile,5,286,3,45,22,244.5,1,11,0,66,72,7,57.2,0.6,9,4.4,48.9,0.2,2.2,0,13.2,14.4,1.4,0,0,0,1,0,#N/A
2019,2019-Copa America-Chile,Chile,6,345,6.66,66.6,23.82,214.2,1.92,4.74,0,100.8,63.6,15.24,57.5,1.11,11.1,3.97,35.7,0.32,0.79,0,16.8,10.6,2.54,0,0,0,1,0,#N/A
2016,2016-Copa America-Chile,Chile,6,378,15.24,79.8,39.06,292.8,0.96,5.7,0.96,72.6,63,17.16,63,2.54,13.3,6.51,48.8,0.16,0.95,0.16,12.1,10.5,2.86,0,0,0,1,0,#N/A
2022,2022-CONMEBOL WCQ-Chile,Chile,18,970.2,18,212.4,61.92,525.6,1.08,52.02,1.98,262.8,187.2,43.02,53.9,1,11.8,3.44,29.2,0.06,2.89,0.11,14.6,10.4,2.39,0,0,0,1,0,#N/A
2021,2021-Copa America-Ecuador,Ecuador,5,277,4,60,20,166.5,0,9,1,67,61,6,55.4,0.8,12,4,33.3,0,1.8,0.2,13.4,12.2,1.2,0,0,0,1,0,WC Team
2019,2019-Copa America-Ecuador,Ecuador,3,141.9,2.01,24.99,6,72,0.99,8.01,2.01,48,33,6.99,47.3,0.67,8.33,2,24,0.33,2.67,0.67,16,11,2.33,0,0,0,1,0,WC Team
2016,2016-Copa America-Ecuador,Ecuador,4,192,7,63.2,20,126.8,0,5,2,48,39,9,48,1.75,15.8,5,31.7,0,1.25,0.5,12,9.75,2.25,0,0,0,1,0,WC Team
2022,2022-CONMEBOL WCQ-Ecuador,Ecuador,18,928.8,27,203.4,70.92,626.4,3.96,39.96,3.06,221.4,196.2,46.08,51.6,1.5,11.3,3.94,34.8,0.22,2.22,0.17,12.3,10.9,2.56,0,0,0,1,0,WC Team
2021,2021-Copa America-Paraguay,Paraguay,5,263,7.55,67,21.7,162,0.95,9.45,0.95,58.5,65,11.3,52.6,1.51,13.4,4.34,32.4,0.19,1.89,0.19,11.7,13,2.26,0,0,0,1,0,#N/A
2019,2019-Copa America-Paraguay,Paraguay,4,171.2,2.8,35.36,11.16,126.4,1.88,5.6,0,59.6,47.6,11.16,42.8,0.7,8.84,2.79,31.6,0.47,1.4,0,14.9,11.9,2.79,0,0,0,1,0,#N/A
2016,2016-Copa America-Paraguay,Paraguay,3,171.9,0.99,35.1,9.99,85.8,0,8.01,0.99,56.1,50.1,9,57.3,0.33,11.7,3.33,28.6,0,2.67,0.33,18.7,16.7,3,0,0,0,1,0,#N/A
2022,2022-CONMEBOL WCQ-Paraguay,Paraguay,18,835.2,10.98,165.96,48.06,520.2,3.06,52.92,3.96,190.8,194.4,41.04,46.4,0.61,9.22,2.67,28.9,0.17,2.94,0.22,10.6,10.8,2.28,0,0,0,1,0,#N/A
2021,2021-Copa America-Venezuela,Venezuela,4,147.2,2,26,7,107.6,0,8,0,51.2,68,7,36.8,0.5,6.5,1.75,26.9,0,2,0,12.8,17,1.75,0,0,0,1,0,#N/A
2019,2019-Copa America-Venezuela,Venezuela,4,185.2,3,38,12,126.4,0,4,1,48,31,7,46.3,0.75,9.5,3,31.6,0,1,0.25,12,7.75,1.75,0,0,0,1,0,#N/A
2016,2016-Copa America-Venezuela,Venezuela,4,172,4,47.2,20,170.4,2,8,0,56,60,5,43,1,11.8,5,42.6,0.5,2,0,14,15,1.25,0,0,0,1,0,#N/A
2022,2022-CONMEBOL WCQ-Venezuela,Venezuela,18,770.4,14.04,203.4,63,556.2,3.06,46.08,1.98,226.8,214.2,25.92,42.8,0.78,11.3,3.5,30.9,0.17,2.56,0.11,12.6,11.9,1.44,0,0,0,1,0,#N/A
2016,2016-Copa America-Haiti,Haiti,3,135.9,0.99,21,8.01,114.3,0,5.01,0,35.1,36,3.99,45.3,0.33,7,2.67,38.1,0,1.67,0,11.7,12,1.33,0,0,1,0,0,#N/A
2021,2021-Gold Cup-Haiti,Haiti,3,135.9,3,36.9,15,121.5,0,2.01,0.99,38.1,42,6,45.3,1,12.3,5,40.5,0,0.67,0.33,12.7,14,2,0,0,1,0,0,#N/A
2019,2019-Gold Cup-Haiti,Haiti,5,181,7.55,66,24.55,185.5,1.9,0.95,0,62.5,75.5,7.55,36.2,1.51,13.2,4.91,37.1,0.38,0.19,0,12.5,15.1,1.51,0,0,1,0,0,#N/A
2016,2016-Copa America-Jamaica,Jamaica,3,126,0,29.01,8.01,82.8,0,5.01,0.99,27.99,36,2.01,42,0,9.67,2.67,27.6,0,1.67,0.33,9.33,12,0.67,0,0,1,0,0,#N/A
2021,2021-Gold Cup-Jamaica,Jamaica,4,191.2,4,51.2,23,180.4,0,8,0,62,46,4,47.8,1,12.8,5.75,45.1,0,2,0,15.5,11.5,1,0,0,1,0,0,#N/A
2019,2019-Gold Cup-Jamaica,Jamaica,5,230,6,61,22,180.5,1,3,0,64,66,8,46,1.2,12.2,4.4,36.1,0.2,0.6,0,12.8,13.2,1.6,0,0,1,0,0,#N/A
2017,2017-Gold Cup-Jamaica,Jamaica,6,208.8,7.02,49.02,22.02,269.4,1.02,4.98,0,76.2,112.8,9,34.8,1.17,8.17,3.67,44.9,0.17,0.83,0,12.7,18.8,1.5,0,0,1,0,0,#N/A
2016,2016-Copa America-United States,United States,6,252,7.02,52.02,15,172.8,1.02,7.98,1.02,76.8,75,10.02,42,1.17,8.67,2.5,28.8,0.17,1.33,0.17,12.8,12.5,1.67,0,0,1,0,0,WC Team
2021,2021-Gold Cup-United States,United States,6,336,9.54,68.4,30.48,266.4,0,3.78,0,73.2,59.04,7.62,56,1.59,11.4,5.08,44.4,0,0.63,0,12.2,9.84,1.27,0,0,1,0,0,WC Team
2019,2019-Gold Cup-United States,United States,6,330,15,91.8,36,234.6,0,1.02,0,67.2,43.02,9,55,2.5,15.3,6,39.1,0,0.17,0,11.2,7.17,1.5,0,0,1,0,0,WC Team
2017,2017-Gold Cup-United States,United States,6,357,13.02,85.8,45,313.8,1.02,1.98,0,103.8,76.2,12,59.5,2.17,14.3,7.5,52.3,0.17,0.33,0,17.3,12.7,2,0,0,1,0,0,WC Team
2021,2021-Gold Cup-Canada,Canada,5,265,11,64,20,156.5,2,14,0,72,72,6,53,2.2,12.8,4,31.3,0.4,2.8,0,14.4,14.4,1.2,0,0,1,0,0,WC Team
2019,2019-Gold Cup-Canada,Canada,4,220,14,72,35,194.4,1,3,0,60,43.2,5,55,3.5,18,8.75,48.6,0.25,0.75,0,15,10.8,1.25,0,0,1,0,0,WC Team
2017,2017-Gold Cup-Canada,Canada,4,197.2,6,52,14,107.6,0,1,0,58,59.2,5,49.3,1.5,13,3.5,26.9,0,0.25,0,14.5,14.8,1.25,0,0,1,0,0,WC Team
2021,2021-Gold Cup-El Salvador,El Salvador,4,239.2,6,66,21,127.2,0,7,0,56,49.2,8,59.8,1.5,16.5,5.25,31.8,0,1.75,0,14,12.3,2,0,0,1,0,0,#N/A
2019,2019-Gold Cup-El Salvador,El Salvador,3,140.1,0.99,21.99,8.01,109.2,0,5.01,0,57.9,42,6.99,46.7,0.33,7.33,2.67,36.4,0,1.67,0,19.3,14,2.33,0,0,1,0,0,#N/A
2017,2017-Gold Cup-El Salvador,El Salvador,4,182,4,47.2,17,144.8,0,4,0,56,78,5,45.5,1,11.8,4.25,36.2,0,1,0,14,19.5,1.25,0,0,1,0,0,#N/A
2021,2021-Gold Cup-Grenada,Grenada,3,111,0.99,21,8.01,114.3,0,3.99,0,30,30,0,37,0.33,7,2.67,38.1,0,1.33,0,10,10,0,0,0,1,0,0,#N/A
2021,2021-Gold Cup-Guadeloupe,Guadeloupe,3,122.1,2.01,27,9,99.9,0,6.99,3,53.1,36,9,40.7,0.67,9,3,33.3,0,2.33,1,17.7,12,3,0,0,0,1,0,#N/A
2021,2021-Gold Cup-Guatemala,Guatemala,3,113.1,0.99,24,5.01,62.4,0,3.99,0,36,33,3,37.7,0.33,8,1.67,20.8,0,1.33,0,12,11,1,0,0,1,0,0,#N/A
2021,2021-Gold Cup-Honduras,Honduras,4,197.2,7,37,15,162,0,7,0,36,38,4,49.3,1.75,9.25,3.75,40.5,0,1.75,0,9,9.5,1,0,0,1,0,0,#N/A
2019,2019-Gold Cup-Honduras,Honduras,3,174.9,6,60.9,23.01,113.1,0,2.01,0,36,38.1,0.99,58.3,2,20.3,7.67,37.7,0,0.67,0,12,12.7,0.33,0,0,1,0,0,#N/A
2017,2017-Gold Cup-Honduras,Honduras,4,209.2,0,66,19,115.2,0,1,0,53.2,49.2,10,52.3,0,16.5,4.75,28.8,0,0.25,0,13.3,12.3,2.5,0,0,1,0,0,#N/A
2021,2021-Gold Cup-Martinique,Martinique,3,114,3,30.9,12,116.1,0.99,6,2.01,45,41.1,6,38,1,10.3,4,38.7,0.33,2,0.67,15,13.7,2,0,0,1,0,0,#N/A
2019,2019-Gold Cup-Martinique,Martinique,3,114.9,5.01,45,12.99,86.7,0.99,6.99,0,41.1,42,6.99,38.3,1.67,15,4.33,28.9,0.33,2.33,0,13.7,14,2.33,0,0,1,0,0,#N/A
2017,2017-Gold Cup-Martinique,Martinique,3,134.1,3.99,42.9,18,125.7,0,9.99,0,42,54.9,3.99,44.7,1.33,14.3,6,41.9,0,3.33,0,14,18.3,1.33,0,0,1,0,0,#N/A
2021,2021-Gold Cup-Suriname,Suriname,3,164.1,3,48,15.99,99.9,0,6.99,0,42,30.9,9,54.7,1,16,5.33,33.3,0,2.33,0,14,10.3,3,0,0,1,0,0,#N/A
2021,2021-Gold Cup-Trin & Tobago,Trin & Tobago,3,107.1,0.99,20.01,6,90,0,5.01,0,44.1,35.1,2.01,35.7,0.33,6.67,2,30,0,1.67,0,14.7,11.7,0.67,0,0,1,0,0,#N/A
2019,2019-Gold Cup-Trin & Tobago,Trin & Tobago,3,146.1,0.99,29.01,6.99,72.3,0,3,0,42,24,2.01,48.7,0.33,9.67,2.33,24.1,0,1,0,14,8,0.67,0,0,1,0,0,#N/A
2019,2019-Gold Cup-Bermuda,Bermuda,3,122.1,3.99,39,12.99,99.9,0.99,3.99,0,33.9,36.9,5.01,40.7,1.33,13,4.33,33.3,0.33,1.33,0,11.3,12.3,1.67,0,0,1,0,0,#N/A
2019,2019-Gold Cup-Cuba,Cuba,3,123,0,21,5.01,71.4,0,8.01,0.99,39.9,36.9,3.99,41,0,7,1.67,23.8,0,2.67,0.33,13.3,12.3,1.33,0,0,1,0,0,#N/A
2019,2019-Gold Cup-Curaçao,Curaçao,4,197.2,2,36,13,144.4,0,4,0,36,33,1,49.3,0.5,9,3.25,36.1,0,1,0,9,8.25,0.25,0,0,1,0,0,#N/A
2017,2017-Gold Cup-Curaçao,Curaçao,3,140.1,0,45.9,14.01,91.2,0.99,2.01,0,33,42,2.01,46.7,0,15.3,4.67,30.4,0.33,0.67,0,11,14,0.67,0,0,1,0,0,#N/A
2019,2019-Gold Cup-Guyana,Guyana,3,125.1,3,15.99,5.01,93.9,2.01,3.99,0,45.9,33.9,0.99,41.7,1,5.33,1.67,31.3,0.67,1.33,0,15.3,11.3,0.33,0,0,1,0,0,#N/A
2019,2019-Gold Cup-Nicaragua,Nicaragua,3,168.9,0,36,9,75,0,5.01,0,48.9,27,6,56.3,0,12,3,25,0,1.67,0,16.3,9,2,0,0,1,0,0,#N/A
2017,2017-Gold Cup-Nicaragua,Nicaragua,3,143.1,0.99,33.9,9.99,88.2,0,5.01,0.99,51,45.9,6,47.7,0.33,11.3,3.33,29.4,0,1.67,0.33,17,15.3,2,0,0,1,0,0,#N/A
2017,2017-Gold Cup-French Guiana,French Guiana,3,151.5,2.01,33.9,12,105.9,0,5.01,0.99,36.9,45.9,3.99,50.5,0.67,11.3,4,35.3,0,1.67,0.33,12.3,15.3,1.33,0,0,1,0,0,#N/A
2021,2021-Africa Cup of Nations-Algeria,Algeria,3,192,0.99,45.9,15,97.8,0.99,6.99,0,51,29.01,8.01,64,0.33,15.3,5,32.6,0.33,2.33,0,17,9.67,2.67,0,1,0,0,0,#N/A
2019,2019-Africa Cup of Nations-Algeria,Algeria,7,345.1,11.48,73.5,24.92,236.6,1.89,2.87,0,129.5,64.26,14.35,49.3,1.64,10.5,3.56,33.8,0.27,0.41,0,18.5,9.18,2.05,0,1,0,0,0,#N/A
2017,2017-Africa Cup of Nations-Algeria,Algeria,3,165,5.01,36.9,17.01,137.7,0,6.99,0,45,47.1,3,55,1.67,12.3,5.67,45.9,0,2.33,0,15,15.7,1,0,1,0,0,0,#N/A
2015,2015-Africa Cup of Nations-Algeria,Algeria,4,204,5,34,16,188.4,0,2,0,75.2,65.2,5,51,1.25,8.5,4,47.1,0,0.5,0,18.8,16.3,1.25,0,1,0,0,0,#N/A
2021,2021-Africa Cup of Nations-Burkina Faso,Burkina Faso,7,298.9,7.7,69.02,28.77,291.9,0.98,17.29,0.98,104.3,72.8,18.2,42.7,1.1,9.86,4.11,41.7,0.14,2.47,0.14,14.9,10.4,2.6,0,1,0,0,0,#N/A
2017,2017-Africa Cup of Nations-Burkina Faso,Burkina Faso,6,298.2,6.66,76.2,22.86,180,0,3.78,0,102,71.4,9.54,49.7,1.11,12.7,3.81,30,0,0.63,0,17,11.9,1.59,0,1,0,0,0,#N/A
2015,2015-Africa Cup of Nations-Burkina Faso,Burkina Faso,3,167.1,0.99,47.1,12,76.5,0,0.99,0,42,24,3.99,55.7,0.33,15.7,4,25.5,0,0.33,0,14,8,1.33,0,1,0,0,0,#N/A
2021,2021-Africa Cup of Nations-Cameroon,Cameroon,7,417.9,13.44,103.6,35.49,240.1,1.89,10.57,0,95.2,45.08,14.35,59.7,1.92,14.8,5.07,34.3,0.27,1.51,0,13.6,6.44,2.05,0,1,0,0,0,WC Team
2019,2019-Africa Cup of Nations-Cameroon,Cameroon,4,251.2,4,48,12,100,0,2,0,51.2,26,5,62.8,1,12,3,25,0,0.5,0,12.8,6.5,1.25,0,1,0,0,0,WC Team
2017,2017-Africa Cup of Nations-Cameroon,Cameroon,6,301.8,6.66,74.4,22.86,184.8,0,0.96,0,79.2,56.22,4.74,50.3,1.11,12.4,3.81,30.8,0,0.16,0,13.2,9.37,0.79,0,1,0,0,0,WC Team
2015,2015-Africa Cup of Nations-Cameroon,Cameroon,3,164.1,2.01,30,6.99,69.9,0,0,0,66.9,36,6,54.7,0.67,10,2.33,23.3,0,0,0,22.3,12,2,0,1,0,0,0,WC Team
2021,2021-Africa Cup of Nations-Cape Verde,Cape Verde,4,185.2,2,24,8,133.2,0,4,2,45.2,42,5,46.3,0.5,6,2,33.3,0,1,0.5,11.3,10.5,1.25,0,1,0,0,0,#N/A
2015,2015-Africa Cup of Nations-Cape Verde,Cape Verde,3,149.1,0.99,32.1,11.01,103.2,0.99,0.99,0,72.9,29.01,3,49.7,0.33,10.7,3.67,34.4,0.33,0.33,0,24.3,9.67,1,0,1,0,0,0,#N/A
2021,2021-Africa Cup of Nations-Comoros,Comoros,4,176,4,41.2,11,107.2,0,6,1,58,56,6,44,1,10.3,2.75,26.8,0,1.5,0.25,14.5,14,1.5,0,1,0,0,0,#N/A
2021,2021-Africa Cup of Nations-Côte d'Ivoire,Côte d'Ivoire,4,216,5.6,50.4,23.24,185.2,0.92,6.52,0,54.8,40.8,5.6,54,1.4,12.6,5.81,46.3,0.23,1.63,0,13.7,10.2,1.4,0,1,0,0,0,#N/A
2019,2019-Africa Cup of Nations-Côte d'Ivoire,Côte d'Ivoire,5,217,6.6,54,23.6,219.5,0,0.95,0,107.5,60.5,5.65,43.4,1.32,10.8,4.72,43.9,0,0.19,0,21.5,12.1,1.13,0,1,0,0,0,#N/A
2017,2017-Africa Cup of Nations-Côte d'Ivoire,Côte d'Ivoire,3,188.1,2.01,33.9,11.01,97.2,0,3,0,66.9,30.9,3,62.7,0.67,11.3,3.67,32.4,0,1,0,22.3,10.3,1,0,1,0,0,0,#N/A
2015,2015-Africa Cup of Nations-Côte d'Ivoire,Côte d'Ivoire,6,294,8.58,58.08,20.94,216.6,0,6.66,0.96,112.2,82.8,6.66,49,1.43,9.68,3.49,36.1,0,1.11,0.16,18.7,13.8,1.11,0,1,0,0,0,#N/A
2021,2021-Africa Cup of Nations-Equ. Guinea,Equ. Guinea,5,227,2.85,50,14.15,141.5,0,12.25,0,78.5,45.3,13.2,45.4,0.57,10,2.83,28.3,0,2.45,0,15.7,9.06,2.64,0,1,0,0,0,#N/A
2015,2015-Africa Cup of Nations-Equ. Guinea,Equ. Guinea,6,265.8,4.5,50.16,17.94,214.2,1.8,5.4,0,102,89.4,12.54,44.3,0.75,8.36,2.99,35.7,0.3,0.9,0,17,14.9,2.09,0,1,0,0,0,#N/A
2021,2021-Africa Cup of Nations-Ethiopia,Ethiopia,3,149.1,2.01,30,12,120,0.99,3.99,0.99,33,32.1,3,49.7,0.67,10,4,40,0.33,1.33,0.33,11,10.7,1,0,1,0,0,0,#N/A
2021,2021-Africa Cup of Nations-Gabon,Gabon,4,176,2.8,43.6,10.24,93.6,0,13.96,0.92,63.2,36.28,11.16,44,0.7,10.9,2.56,23.4,0,3.49,0.23,15.8,9.07,2.79,0,1,0,0,0,#N/A
2017,2017-Africa Cup of Nations-Gabon,Gabon,3,162.9,2.01,26.01,9,103.8,0.99,0.99,0,45.9,35.1,3,54.3,0.67,8.67,3,34.6,0.33,0.33,0,15.3,11.7,1,0,1,0,0,0,#N/A
2015,2015-Africa Cup of Nations-Gabon,Gabon,3,179.1,2.01,33.9,14.01,123.6,0,6,0,48.9,38.1,3,59.7,0.67,11.3,4.67,41.2,0,2,0,16.3,12.7,1,0,1,0,0,0,#N/A
2021,2021-Africa Cup of Nations-Gambia,Gambia,5,191,4,38,11,144.5,1,13,1,77,33,10,38.2,0.8,7.6,2.2,28.9,0.2,2.6,0.2,15.4,6.6,2,0,1,0,0,0,#N/A
2021,2021-Africa Cup of Nations-Ghana,Ghana,3,153,3,32.1,11.01,103.2,0,6.99,2.01,69,33,5.01,51,1,10.7,3.67,34.4,0,2.33,0.67,23,11,1.67,0,1,0,0,0,WC Team
2019,2019-Africa Cup of Nations-Ghana,Ghana,4,198,3.72,42.8,10.24,95.6,0,3.72,0.92,66,32.56,5.6,49.5,0.93,10.7,2.56,23.9,0,0.93,0.23,16.5,8.14,1.4,0,1,0,0,0,WC Team
2017,2017-Africa Cup of Nations-Ghana,Ghana,6,303,4.02,67.8,19.02,167.4,1.98,1.98,0,106.8,67.2,7.02,50.5,0.67,11.3,3.17,27.9,0.33,0.33,0,17.8,11.2,1.17,0,1,0,0,0,WC Team
2015,2015-Africa Cup of Nations-Ghana,Ghana,6,298.8,9.54,76.2,20.94,165,1.92,3.78,0,130.2,71.4,17.16,49.8,1.59,12.7,3.49,27.5,0.32,0.63,0,21.7,11.9,2.86,0,1,0,0,0,WC Team
2021,2021-Africa Cup of Nations-Guinea,Guinea,4,231.2,2,53.2,11,83.2,0,10,1,55.2,33,9,57.8,0.5,13.3,2.75,20.8,0,2.5,0.25,13.8,8.25,2.25,0,1,0,0,0,#N/A
2019,2019-Africa Cup of Nations-Guinea,Guinea,4,234,4,51.2,11,86.4,1,3,0,52,34,8,58.5,1,12.8,2.75,21.6,0.25,0.75,0,13,8.5,2,0,1,0,0,0,#N/A
2015,2015-Africa Cup of Nations-Guinea,Guinea,4,207.2,3,30,8,106.8,1,5,1,67.2,57.2,4,51.8,0.75,7.5,2,26.7,0.25,1.25,0.25,16.8,14.3,1,0,1,0,0,0,#N/A
2021,2021-Africa Cup of Nations-Guinea-Bissau,Guinea-Bissau,3,144.9,0,26.01,9,103.8,0.99,3.99,0,54,20.01,3,48.3,0,8.67,3,34.6,0.33,1.33,0,18,6.67,1,0,1,0,0,0,#N/A
2019,2019-Africa Cup of Nations-Guinea-Bissau,Guinea-Bissau,3,123.9,0,21,3.99,57,0,3.99,0,36.9,20.01,5.01,41.3,0,7,1.33,19,0,1.33,0,12.3,6.67,1.67,0,1,0,0,0,#N/A
2017,2017-Africa Cup of Nations-Guinea-Bissau,Guinea-Bissau,3,137.1,2.01,36,9.99,83.4,0,3,0,57,27.99,3.99,45.7,0.67,12,3.33,27.8,0,1,0,19,9.33,1.33,0,1,0,0,0,#N/A
2021,2021-Africa Cup of Nations-Malawi,Malawi,4,118,3,33,10,121.2,0,9,0,44,43.2,5,29.5,0.75,8.25,2.5,30.3,0,2.25,0,11,10.8,1.25,0,1,0,0,0,#N/A
2021,2021-Africa Cup of Nations-Mali,Mali,4,236,3.72,56.8,11.16,78.8,2.8,6.52,0.92,64,36.28,9.32,59,0.93,14.2,2.79,19.7,0.7,1.63,0.23,16,9.07,2.33,0,1,0,0,0,#N/A
2019,2019-Africa Cup of Nations-Mali,Mali,4,214,6,46,17,148,1,6,0,62,43.2,10,53.5,1.5,11.5,4.25,37,0.25,1.5,0,15.5,10.8,2.5,0,1,0,0,0,#N/A
2017,2017-Africa Cup of Nations-Mali,Mali,3,159,0.99,39.9,6,45,0,0.99,0,57,39,5.01,53,0.33,13.3,2,15,0,0.33,0,19,13,1.67,0,1,0,0,0,#N/A
2015,2015-Africa Cup of Nations-Mali,Mali,3,125.1,3,27.99,9.99,107.1,0.99,6,0,56.1,48,2.01,41.7,1,9.33,3.33,35.7,0.33,2,0,18.7,16,0.67,0,1,0,0,0,#N/A
2021,2021-Africa Cup of Nations-Mauritania,Mauritania,3,141,0,38.1,6,47.4,0,5.01,0,54.9,24.99,6.99,47,0,12.7,2,15.8,0,1.67,0,18.3,8.33,2.33,0,1,0,0,0,#N/A
2019,2019-Africa Cup of Nations-Mauritania,Mauritania,3,128.1,0.99,9,0.99,33.3,0.99,6.99,0,26.01,17.01,6,42.7,0.33,3,0.33,11.1,0.33,2.33,0,8.67,5.67,2,0,1,0,0,0,#N/A
2021,2021-Africa Cup of Nations-Sierra Leone,Sierra Leone,3,120,2.01,23.01,8.01,104.4,0.99,9,0.99,41.1,33,3.99,40,0.67,7.67,2.67,34.8,0.33,3,0.33,13.7,11,1.33,0,1,0,0,0,#N/A
2021,2021-Africa Cup of Nations-Sudan,Sudan,3,120.9,0.99,23.01,6.99,91.2,0.99,3.99,0,30.9,30.9,3.99,40.3,0.33,7.67,2.33,30.4,0.33,1.33,0,10.3,10.3,1.33,0,1,0,0,0,#N/A
2021,2021-Africa Cup of Nations-Zimbabwe,Zimbabwe,3,138.9,3,33.9,11.01,97.2,0,8.01,0,35.1,20.01,6,46.3,1,11.3,3.67,32.4,0,2.67,0,11.7,6.67,2,0,1,0,0,0,#N/A
2019,2019-Africa Cup of Nations-Zimbabwe,Zimbabwe,3,156.9,0.99,39.9,9,67.5,0,2.01,0,51.9,30.9,3.99,52.3,0.33,13.3,3,22.5,0,0.67,0,17.3,10.3,1.33,0,1,0,0,0,#N/A
2017,2017-Africa Cup of Nations-Zimbabwe,Zimbabwe,3,132,3.99,33,14.01,127.2,0.99,3.99,0,48,33,5.01,44,1.33,11,4.67,42.4,0.33,1.33,0,16,11,1.67,0,1,0,0,0,#N/A
2019,2019-Africa Cup of Nations-Angola,Angola,3,155.1,0.99,18.99,5.01,78.9,0,6,0,45,21,3.99,51.7,0.33,6.33,1.67,26.3,0,2,0,15,7,1.33,0,1,0,0,0,#N/A
2019,2019-Africa Cup of Nations-Benin,Benin,5,208,2.85,43.4,8.5,98,0,5.65,0.95,74.5,26.4,10.4,41.6,0.57,8.68,1.7,19.6,0,1.13,0.19,14.9,5.28,2.08,0,1,0,0,0,#N/A
2019,2019-Africa Cup of Nations-Burundi,Burundi,3,123.9,0,36.9,12,97.2,0,3.99,0.99,42.9,36,2.01,41.3,0,12.3,4,32.4,0,1.33,0.33,14.3,12,0.67,0,1,0,0,0,#N/A
2019,2019-Africa Cup of Nations-Congo DR,Congo DR,4,196,5.6,53.2,21.4,161.6,0.92,6.52,0,69.6,45.6,5.6,49,1.4,13.3,5.35,40.4,0.23,1.63,0,17.4,11.4,1.4,0,1,0,0,0,#N/A
2017,2017-Africa Cup of Nations-Congo DR,Congo DR,4,177.2,7,43.2,14,130.4,0,3,1,71.2,65.2,4,44.3,1.75,10.8,3.5,32.6,0,0.75,0.25,17.8,16.3,1,0,1,0,0,0,#N/A
2015,2015-Africa Cup of Nations-Congo DR,Congo DR,6,318,6.66,82.8,33.36,241.2,0.96,0,0,105,82.2,8.58,53,1.11,13.8,5.56,40.2,0.16,0,0,17.5,13.7,1.43,0,1,0,0,0,#N/A
2019,2019-Africa Cup of Nations-Kenya,Kenya,3,132,3,30.9,11.01,106.5,0,8.01,0.99,45.9,18.99,3,44,1,10.3,3.67,35.5,0,2.67,0.33,15.3,6.33,1,0,1,0,0,0,#N/A
2019,2019-Africa Cup of Nations-Madagascar,Madagascar,5,222,6.6,43.4,17,195.5,0,0.95,0,98,54.5,2.85,44.4,1.32,8.68,3.4,39.1,0,0.19,0,19.6,10.9,0.57,0,1,0,0,0,#N/A
2019,2019-Africa Cup of Nations-Namibia,Namibia,3,131.1,0.99,20.01,5.01,75,0,5.01,0,42,27,0.99,43.7,0.33,6.67,1.67,25,0,1.67,0,14,9,0.33,0,1,0,0,0,#N/A
2019,2019-Africa Cup of Nations-South Africa,South Africa,5,257,3,42,15,178.5,0,3,0,88,59,8,51.4,0.6,8.4,3,35.7,0,0.6,0,17.6,11.8,1.6,0,1,0,0,0,#N/A
2015,2015-Africa Cup of Nations-South Africa,South Africa,3,134.1,3,33,8.01,72.6,0.99,3.99,0,29.01,48,2.01,44.7,1,11,2.67,24.2,0.33,1.33,0,9.67,16,0.67,0,1,0,0,0,#N/A
2019,2019-Africa Cup of Nations-Tanzania,Tanzania,3,126.9,2.01,23.01,6,78.3,0,6.99,0,65.1,20.01,6,42.3,0.67,7.67,2,26.1,0,2.33,0,21.7,6.67,2,0,1,0,0,0,#N/A
2019,2019-Africa Cup of Nations-Uganda,Uganda,4,184,3,45.2,16,142.4,0,4,0,76,35,5,46,0.75,11.3,4,35.6,0,1,0,19,8.75,1.25,0,1,0,0,0,#N/A
2017,2017-Africa Cup of Nations-Uganda,Uganda,3,143.1,0.99,20.01,5.01,75,0,3,0,30.9,45,0.99,47.7,0.33,6.67,1.67,25,0,1,0,10.3,15,0.33,0,1,0,0,0,#N/A
2017,2017-Africa Cup of Nations-Togo,Togo,3,137.1,2.01,26.01,8.01,92.4,0,0.99,0,72,36,2.01,45.7,0.67,8.67,2.67,30.8,0,0.33,0,24,12,0.67,0,1,0,0,0,#N/A
2015,2015-Africa Cup of Nations-Congo,Congo,4,189.2,6,45.2,16,142.4,0,2,0,74,33,5,47.3,1.5,11.3,4,35.6,0,0.5,0,18.5,8.25,1.25,0,1,0,0,0,#N/A
2015,2015-Africa Cup of Nations-Zambia,Zambia,3,129.9,2.01,36.9,14.01,113.4,0,6.99,0,32.1,39,0.99,43.3,0.67,12.3,4.67,37.8,0,2.33,0,10.7,13,0.33,0,1,0,0,0,#N/A
2022,2022-UEFA WCQ-Andorra,Andorra,10,266,8,54,25,463,1,30,1,113,123,23,26.6,0.8,5.4,2.5,46.3,0.1,3,0.1,11.3,12.3,2.3,0,0,0,0,1,#N/A
2021,2021-UEFA Euro Qualifiers-Andorra,Andorra,10,231,3,39,10,256,0,20,0,90,93,16,23.1,0.3,3.9,1,25.6,0,2,0,9,9.3,1.6,0,0,0,0,1,#N/A
2022,2022-UEFA WCQ-Armenia,Armenia,10,447,8,114,35,307,3,19,0,101,92,22,44.7,0.8,11.4,3.5,30.7,0.3,1.9,0,10.1,9.2,2.2,0,0,0,0,1,#N/A
2021,2021-UEFA Euro Qualifiers-Armenia,Armenia,10,397,12,122,44,361,0,20,1,81,76,19,39.7,1.2,12.2,4.4,36.1,0,2,0.1,8.1,7.6,1.9,0,0,0,0,1,#N/A
2022,2022-UEFA WCQ-Azerbaijan,Azerbaijan,8,335.2,5.04,63.04,17.04,216,1.04,16,1.04,90.4,108.8,11.04,41.9,0.63,7.88,2.13,27,0.13,2,0.13,11.3,13.6,1.38,0,0,0,0,1,#N/A
2021,2021-UEFA Euro Qualifiers-Azerbaijan,Azerbaijan,8,322.4,4,52,16,246.4,0,23.04,0,80,60,15.04,40.3,0.5,6.5,2,30.8,0,2.88,0,10,7.5,1.88,0,0,0,0,1,#N/A
2022,2022-UEFA WCQ-Belarus,Belarus,8,304,7.04,49.04,16,261.6,2,17.04,0,80.8,110.4,15.04,38,0.88,6.13,2,32.7,0.25,2.13,0,10.1,13.8,1.88,0,0,0,0,1,#N/A
2021,2021-UEFA Euro Qualifiers-Belarus,Belarus,9,363.6,2.97,74.97,20.97,252,0.99,11.97,0,72,110.7,10.98,40.4,0.33,8.33,2.33,28,0.11,1.33,0,8,12.3,1.22,0,0,0,0,1,#N/A
2022,2022-UEFA WCQ-Bosnia & Herz'na,Bosnia & Herz'na,8,416,9.04,122.4,37.04,242.4,2,14,0,68,84.8,13.04,52,1.13,15.3,4.63,30.3,0.25,1.75,0,8.5,10.6,1.63,0,0,0,0,1,#N/A
2021,2021-UEFA Euro Qualifiers-Bosnia & Herz'na,Bosnia & Herz'na,11,606.1,17.49,173.8,61.38,387.2,0.99,18.48,0.99,104.17,103.18,17.49,55.1,1.59,15.8,5.58,35.2,0.09,1.68,0.09,9.47,9.38,1.59,0,0,0,0,1,#N/A
2022,2022-UEFA WCQ-Bulgaria,Bulgaria,8,310.4,6,54,18,266.4,1.04,16,1.04,118.4,70,19.04,38.8,0.75,6.75,2.25,33.3,0.13,2,0.13,14.8,8.75,2.38,0,0,0,0,1,#N/A
2021,2021-UEFA Euro Qualifiers-Bulgaria,Bulgaria,9,383.4,5.04,53.01,18.99,322.2,0,9.99,0,89.01,89.01,18.99,42.6,0.56,5.89,2.11,35.8,0,1.11,0,9.89,9.89,2.11,0,0,0,0,1,#N/A
2022,2022-UEFA WCQ-Cyprus,Cyprus,10,357,4,82,24,293,0,17,1,121,133,18,35.7,0.4,8.2,2.4,29.3,0,1.7,0.1,12.1,13.3,1.8,0,0,0,0,1,#N/A
2021,2021-UEFA Euro Qualifiers-Cyprus,Cyprus,10,514,10,95,33,347,0,12,1,110,62,20,51.4,1,9.5,3.3,34.7,0,1.2,0.1,11,6.2,2,0,0,0,0,1,#N/A
2022,2022-UEFA WCQ-Estonia,Estonia,8,280,9.04,71.04,25.04,281.6,0,19.04,1.04,74,82.4,13.04,35,1.13,8.88,3.13,35.2,0,2.38,0.13,9.25,10.3,1.63,0,0,0,0,1,#N/A
2021,2021-UEFA Euro Qualifiers-Estonia,Estonia,8,304,2,51.04,12,188,0,8,0,63.04,94.4,5.04,38,0.25,6.38,1.5,23.5,0,1,0,7.88,11.8,0.63,0,0,0,0,1,#N/A
2022,2022-UEFA WCQ-Faroe Islands,Faroe Islands,10,376,7,77,29,377,0,16,1,88,130,15,37.6,0.7,7.7,2.9,37.7,0,1.6,0.1,8.8,13,1.5,0,0,0,0,1,#N/A
2021,2021-UEFA Euro Qualifiers-Faroe Islands,Faroe Islands,10,405,3,54,18,333,1,15,0,88,89,18,40.5,0.3,5.4,1.8,33.3,0.1,1.5,0,8.8,8.9,1.8,0,0,0,0,1,#N/A
2022,2022-UEFA WCQ-Georgia,Georgia,8,326.4,6,59.04,24,325.6,0,21.04,1.04,83.2,91.2,21.04,40.8,0.75,7.38,3,40.7,0,2.63,0.13,10.4,11.4,2.63,0,0,0,0,1,#N/A
2021,2021-UEFA Euro Qualifiers-Georgia,Georgia,10,492,8,110,35,318,2,20,0,89,103,13,49.2,0.8,11,3.5,31.8,0.2,2,0,8.9,10.3,1.3,0,0,0,0,1,#N/A
2022,2022-UEFA WCQ-Gibraltar,Gibraltar,10,266,4,25,10,400,2,22,1,80,79,13,26.6,0.4,2.5,1,40,0.2,2.2,0.1,8,7.9,1.3,0,0,0,0,1,#N/A
2021,2021-UEFA Euro Qualifiers-Gibraltar,Gibraltar,8,212,3.04,33.04,14,339.2,0,15.04,0,92,86.4,8,26.5,0.38,4.13,1.75,42.4,0,1.88,0,11.5,10.8,1,0,0,0,0,1,#N/A
2022,2022-UEFA WCQ-Greece,Greece,8,376,7.04,75.04,28,298.4,2,22,1.04,110.4,99.2,20,47,0.88,9.38,3.5,37.3,0.25,2.75,0.13,13.8,12.4,2.5,0,0,0,0,1,#N/A
2021,2021-UEFA Euro Qualifiers-Greece,Greece,10,576,11,181,58,320,1,25,0,118,107,15,57.6,1.1,18.1,5.8,32,0.1,2.5,0,11.8,10.7,1.5,0,0,0,0,1,#N/A
2022,2022-UEFA WCQ-Israel,Israel,10,518,23,108,46,426,1,17,0,121,132,22,51.8,2.3,10.8,4.6,42.6,0.1,1.7,0,12.1,13.2,2.2,0,0,0,0,1,#N/A
2021,2021-UEFA Euro Qualifiers-Israel,Israel,11,609.4,10.67,134.2,49.61,407,0,17.49,0,112.2,112.2,23.32,55.4,0.97,12.2,4.51,37,0,1.59,0,10.2,10.2,2.12,0,0,0,0,1,#N/A
2022,2022-UEFA WCQ-Kazakhstan,Kazakhstan,8,308,5.04,43.04,16,297.6,0,21.04,0,63.04,111.2,11.04,38.5,0.63,5.38,2,37.2,0,2.63,0,7.88,13.9,1.38,0,0,0,0,1,#N/A
2021,2021-UEFA Euro Qualifiers-Kazakhstan,Kazakhstan,10,462,10,104,40,385,0,23,0,75,91,16,46.2,1,10.4,4,38.5,0,2.3,0,7.5,9.1,1.6,0,0,0,0,1,#N/A
2022,2022-UEFA WCQ-Kosovo,Kosovo,8,324.8,5.04,66,20,242.4,1.04,23.04,1.04,88,86.4,14,40.6,0.63,8.25,2.5,30.3,0.13,2.88,0.13,11,10.8,1.75,0,0,0,0,1,#N/A
2021,2021-UEFA Euro Qualifiers-Kosovo,Kosovo,9,450,12.96,91.8,33.03,323.1,0.99,18.99,0,98.1,78.03,21.96,50,1.44,10.2,3.67,35.9,0.11,2.11,0,10.9,8.67,2.44,0,0,0,0,1,#N/A
2022,2022-UEFA WCQ-Latvia,Latvia,10,366,10,85,27,318,1,23,0,109,132,19,36.6,1,8.5,2.7,31.8,0.1,2.3,0,10.9,13.2,1.9,0,0,0,0,1,#N/A
2021,2021-UEFA Euro Qualifiers-Latvia,Latvia,10,339,2,61,18,295,0,23,0,100,100,11,33.9,0.2,6.1,1.8,29.5,0,2.3,0,10,10,1.1,0,0,0,0,1,#N/A
2022,2022-UEFA WCQ-Liechtenstein,Liechtenstein,10,247,2,23,9,391,0,19,2,85,114,6,24.7,0.2,2.3,0.9,39.1,0,1.9,0.2,8.5,11.4,0.6,0,0,0,0,1,#N/A
2021,2021-UEFA Euro Qualifiers-Liechtenstein,Liechtenstein,10,274,2,41,15,366,0,9,0,89,118,9,27.4,0.2,4.1,1.5,36.6,0,0.9,0,8.9,11.8,0.9,0,0,0,0,1,#N/A
2022,2022-UEFA WCQ-Lithuania,Lithuania,8,287.2,4,60,16,213.6,1.04,17.04,0,69.04,90.4,9.04,35.9,0.5,7.5,2,26.7,0.13,2.13,0,8.63,11.3,1.13,0,0,0,0,1,#N/A
2021,2021-UEFA Euro Qualifiers-Lithuania,Lithuania,8,288.8,4,60,15.04,200,1.04,17.04,2,91.2,84,10,36.1,0.5,7.5,1.88,25,0.13,2.13,0.25,11.4,10.5,1.25,0,0,0,0,1,#N/A
2022,2022-UEFA WCQ-Luxembourg,Luxembourg,8,380,8,86.4,22,204.8,1.04,18,2,104.8,102.4,21.04,47.5,1,10.8,2.75,25.6,0.13,2.25,0.25,13.1,12.8,2.63,0,0,0,0,1,#N/A
2021,2021-UEFA Euro Qualifiers-Luxembourg,Luxembourg,8,342.4,4,71.04,22,248,0,15.04,0,67.04,66,19.04,42.8,0.5,8.88,2.75,31,0,1.88,0,8.38,8.25,2.38,0,0,0,0,1,#N/A
2022,2022-UEFA WCQ-Malta,Malta,10,441,8,54,21,389,0,23,2,83,104,13,44.1,0.8,5.4,2.1,38.9,0,2.3,0.2,8.3,10.4,1.3,0,0,0,0,1,#N/A
2021,2021-UEFA Euro Qualifiers-Malta,Malta,10,329,3,67,12,179,1,15,1,108,109,8,32.9,0.3,6.7,1.2,17.9,0.1,1.5,0.1,10.8,10.9,0.8,0,0,0,0,1,#N/A
2022,2022-UEFA WCQ-Moldova,Moldova,10,368,5,70,26,371,1,26,2,99,174,6,36.8,0.5,7,2.6,37.1,0.1,2.6,0.2,9.9,17.4,0.6,0,0,0,0,1,#N/A
2021,2021-UEFA Euro Qualifiers-Moldova,Moldova,10,419,3,48,12,250,0,23,2,102,76,16,41.9,0.3,4.8,1.2,25,0,2.3,0.2,10.2,7.6,1.6,0,0,0,0,1,#N/A
2022,2022-UEFA WCQ-Montenegro,Montenegro,10,478,14,148,46,311,1,24,1,111,106,20,47.8,1.4,14.8,4.6,31.1,0.1,2.4,0.1,11.1,10.6,2,0,0,0,0,1,#N/A
2021,2021-UEFA Euro Qualifiers-Montenegro,Montenegro,8,342.4,1.04,51.04,18,282.4,0,14,0,112.8,54,18,42.8,0.13,6.38,2.25,35.3,0,1.75,0,14.1,6.75,2.25,0,0,0,0,1,#N/A
2022,2022-UEFA WCQ-Norway,Norway,10,585,15,175,55,314,1,17,1,89,114,22,58.5,1.5,17.5,5.5,31.4,0.1,1.7,0.1,8.9,11.4,2.2,0,0,0,0,1,#N/A
2021,2021-UEFA Euro Qualifiers-Norway,Norway,11,576.4,15.62,110,41.91,419.1,2.97,4.84,0,88.55,79.86,25.3,52.4,1.42,10,3.81,38.1,0.27,0.44,0,8.05,7.26,2.3,0,0,0,0,1,#N/A
2022,2022-UEFA WCQ-San Marino,San Marino,10,249,1,38,9,237,0,24,1,107,114,9,24.9,0.1,3.8,0.9,23.7,0,2.4,0.1,10.7,11.4,0.9,0,0,0,0,1,#N/A
2021,2021-UEFA Euro Qualifiers-San Marino,San Marino,10,220,1,24,11,458,0,18,0,101,82,8,22,0.1,2.4,1.1,45.8,0,1.8,0,10.1,8.2,0.8,0,0,0,0,1,#N/A
2022,2022-UEFA WCQ-Slovenia,Slovenia,10,497,13,111,37,333,2,21,1,137,94,22,49.7,1.3,11.1,3.7,33.3,0.2,2.1,0.1,13.7,9.4,2.2,0,0,0,0,1,#N/A
2021,2021-UEFA Euro Qualifiers-Slovenia,Slovenia,10,508,13,108,38,352,2,14,2,125,60,31,50.8,1.3,10.8,3.8,35.2,0.2,1.4,0.2,12.5,6,3.1,0,0,0,0,1,#N/A
